"B","j","proj_lambda","delta_lambda","psi_proj","psi_delta","se_proj","se_delta","lower_proj","upper_proj","lower_delta","upper_delta"
1,1,0.431415157068453,0.431415157068453,1.91809928092332,1.91776353409777,0.230290203478957,0.17409407211265,1.46673048210456,2.36946807974208,1.57653915275698,2.25898791543856
1,2,0.411806672360214,0.411806672360214,1.91805753655333,1.91776467063842,0.230292265666335,0.173635213832635,1.46668469584731,2.36943037725935,1.57743965152645,2.25808968975038
1,3,0.393089423544488,0.393089423544488,1.91806123163658,1.91776467035991,0.230290186009464,0.173645102062948,1.46669246705803,2.36942999621513,1.57742027031653,2.25810907040328
1,4,0.375222902574481,0.375222902574481,1.91805096673957,1.91776633752798,0.230289320958142,0.173433303610477,1.46668389766162,2.36941803581753,1.57783706245145,2.25769561260452
1,5,0.358168442556645,0.358168442556645,1.91822543106401,1.91851830272202,0.230260621533697,0.17506264277792,1.46691461285797,2.36953624927006,1.5753955228773,2.26164108256674
1,6,0.341889134067418,0.341889134067418,1.91833867796969,1.99692309372711,0.230248677313493,0.183993380379465,1.46705127043524,2.36962608550413,1.63629606818335,2.35755011927086
1,7,0.326349745273505,0.326349745273505,1.9183951812968,1.98427328893329,0.230257939847337,0.181466311589471,1.46708961919602,2.36970074339758,1.62859931821793,2.33994725964865
1,8,0.311516645682807,0.311516645682807,1.91840253416523,1.98427309360743,0.23025785814815,0.181469189116508,1.46709713219486,2.36970793613561,1.62859348293907,2.33995270427578
1,9,0.297357733360994,0.297357733360994,1.91838820408579,1.98688610846813,0.230257866781985,0.181305884065118,1.4670827851931,2.36969362297848,1.6315265757005,2.34224564123576
1,10,0.283842365456198,0.283842365456198,1.9183803863503,1.98608910140928,0.230257231362222,0.181409429607708,1.46707621288034,2.36968455982025,1.63052661937817,2.34165158344038
1,11,0.270941291881458,0.270941291881458,1.91838227056376,1.98522914629007,0.230256804293332,0.181567078474526,1.46707893414883,2.36968560697869,1.62935767248,2.34110062010014
1,12,0.25862659201141,0.25862659201141,1.9183705427443,1.98781679006449,0.230255502824081,0.182309661134423,1.46706975720911,2.3696713282795,1.63048985424103,2.34514372588796
1,13,0.246871614256201,0.246871614256201,1.91837617219049,1.98781708535991,0.230255403136985,0.18231057631173,1.467075582042,2.36967676233898,1.63048835578892,2.3451458149309
1,14,0.235650918381872,0.235650918381872,1.91836842057135,1.9707536409355,0.230255824175966,0.183056364074717,1.46706700518646,2.36966983595624,1.61196316734906,2.32954411452195
2,1,0.25473840228583,0.25473840228583,1.56692129548861,1.60798016295956,0.17537322170506,0.153509892764039,1.22318978094669,1.91065281003053,1.30710077314204,1.90885955277708
2,2,0.24316014875444,0.24316014875444,1.56727949609743,1.6066003353612,0.175478603792082,0.154675485127963,1.22334143266495,1.91121755952992,1.30343638451039,1.909764286212
2,3,0.232108144715213,0.232108144715213,1.56801950165174,1.60660018962484,0.175517149636893,0.154589043672699,1.22400588836343,1.91203311494006,1.30360566402635,1.90959471522333
2,4,0.221558471316548,0.221558471316548,1.56807125925893,1.60660105523862,0.175509001617838,0.154554858520459,1.22407361608797,1.91206890242989,1.30367353253853,1.90952857793872
2,5,0.211488296855566,0.211488296855566,1.56816911693045,1.60660106699237,0.175494770723501,0.154610223777679,1.22419936631239,1.91213886754851,1.30356502838812,1.90963710559662
2,6,0.20187582736552,0.20187582736552,1.56889335243598,1.6066010598631,0.175537004400888,0.154617184283034,1.22484082381024,1.91294588106172,1.30355137866835,1.90965074105785
2,7,0.192700259449088,0.192700259449088,1.57027263889993,1.60659150793824,0.175748036590059,0.157371540150488,1.22580648718342,1.91473879061645,1.29814328924328,1.9150397266332
2,8,0.183941735255462,0.183941735255462,1.5712399627742,1.60658983142726,0.175775482425361,0.156525192515752,1.22672001722049,1.9157599083279,1.29980045409638,1.91337920875813
2,9,0.175581299503801,0.175581299503801,1.57123514152056,1.60658981145747,0.175774874585018,0.156545465939772,1.22671638733392,1.91575389570719,1.29976069821551,1.91341892469942
2,10,0.167600858460033,0.167600858460033,1.57123514152056,1.60658981235633,0.175774874585018,0.156545480836175,1.22671638733392,1.91575389570719,1.29976066991742,1.91341895479523
2,11,0.159983140778223,0.159983140778223,1.57151519584289,1.60658981051212,0.175779692961389,0.156542279383635,1.22698699763857,1.91604339404722,1.29976694292019,1.91341267810404
2,12,0.152711660121765,0.152711660121765,1.57188495954174,1.60658951727701,0.175830814288288,0.156468903466989,1.22725656353669,1.91651335554678,1.29991046648171,1.91326856807231
2,13,0.145770679483498,0.145770679483498,1.57373498831183,1.60658916064462,0.175689554294492,0.156662715310574,1.22938346189463,1.91808651472904,1.2995302386359,1.91364808265335
2,14,0.13914517712752,0.13914517712752,1.57324314294235,1.60658813566737,0.175711588512671,0.156947986519847,1.22884842945751,1.91763785642719,1.29897008208847,1.91420618924627
2,15,0.132820814079011,0.132820814079011,1.57289527216194,1.60658772371635,0.175725193016844,0.157347454632003,1.22847389384893,1.91731665047496,1.29818671263762,1.91498873479508
3,1,0.405342864898944,0.405342864898944,1.4011124685532,1.44282486713422,0.169492977115866,0.143843007756249,1.0689062334061,1.73331870370029,1.16089257193198,1.72475716233647
3,2,0.386919406108173,0.386919406108173,1.40166724022051,1.44153611363876,0.169593720910623,0.14276811639045,1.06926354723569,1.73407093320533,1.16171060551347,1.72136162176404
3,3,0.36933332195307,0.36933332195307,1.40189467597265,1.41939608893899,0.169399242128801,0.146126250680006,1.0698721614002,1.7339171905451,1.13298863760618,1.70580354027181
3,4,0.352546552464092,0.352546552464092,1.40184354434587,1.42004697432231,0.169394351527773,0.146195004127326,1.06983061535143,1.7338564733403,1.13350476623275,1.70658918241187
3,5,0.336522767556049,0.336522767556049,1.40221785128302,1.42333148062779,0.169385739731576,0.145890341244445,1.07022180140913,1.73421390115691,1.13738641178867,1.7092765494669
3,6,0.321227288402196,0.321227288402196,1.40260686348512,1.43755217187107,0.169185429391156,0.147627983809548,1.07100342187846,1.73421030509179,1.14820132360435,1.72690302013778
3,7,0.306627012381982,0.306627012381982,1.40171094448617,1.43689051399758,0.169200566088779,0.147499379066173,1.07007783495216,1.73334405402017,1.14779173102788,1.72598929696728
3,8,0.29269034144005,0.29269034144005,1.40201188941222,1.43689049430688,0.169202995293423,0.147493137580255,1.07037401863711,1.73364976018733,1.14780394464958,1.72597704396418
3,9,0.279387113701425,0.279387113701425,1.40069085450402,1.4414455254672,0.169213739607518,0.148508288753381,1.06903192487328,1.73234978413476,1.15036927951057,1.73252177142382
3,10,0.266688538194899,0.266688538194899,1.39903794256382,1.41445561940649,0.169022204684432,0.144178280074396,1.06775442138233,1.73032146374531,1.13186619046067,1.6970450483523
3,11,0.254567132543342,0.254567132543342,1.39947682294854,1.40903165155124,0.169019089623392,0.144512684859341,1.06819940728669,1.73075423861039,1.12578678922693,1.69227651387554
3,12,0.242996663486075,0.242996663486075,1.39945578802618,1.40502896429226,0.168969765832541,0.144897196240409,1.0682750469944,1.73063652905796,1.12103045966106,1.68902746892347
4,1,0.294871630173651,0.294871630173651,1.70111823345364,1.67916823255201,0.218240048113235,0.167947996741679,1.2733677391517,2.12886872775558,1.34999015893832,2.00834630616571
4,2,0.281469259495618,0.281469259495618,1.70137096517974,1.68006112784007,0.218398278707583,0.16771376163636,1.27331033891288,2.1294315914466,1.3513421550328,2.00878010064733
4,3,0.268676047249291,0.268676047249291,1.70475890512337,1.69172571293139,0.219160199325348,0.170696264032739,1.27520491444569,2.13431289580105,1.35716103542722,2.02629039043556
4,4,0.256464306243813,0.256464306243813,1.70525484467361,1.69172581670719,0.219227462390573,0.170686657523409,1.27556901838808,2.13494067095913,1.35717996796131,2.02627166545307
4,5,0.24480760771388,0.24480760771388,1.70281032078011,1.69084623814514,0.219495627977584,0.170833480162753,1.27259888994404,2.13302175161617,1.35601261702615,2.02567985926414
4,6,0.233680724122359,0.233680724122359,1.70399198102466,1.6833908620905,0.220680217166808,0.171671153286592,1.27145875537771,2.1365252066716,1.34691540164878,2.01986632253222
4,7,0.223059574562618,0.223059574562618,1.70494754497771,1.68340531268376,0.220711815960319,0.171619870306216,1.27235238569549,2.13754270425994,1.34703036688357,2.01978025848394
4,8,0.212921172642392,0.212921172642392,1.70494754497772,1.68340800567752,0.220711815960319,0.171615293050707,1.27235238569549,2.13754270425994,1.34704203129814,2.01977398005691
4,9,0.203243576736423,0.203243576736423,1.70378573809505,1.68285816552893,0.220002007809684,0.169828632755645,1.27258180278807,2.13498967340203,1.34999404532787,2.01572228573
4,10,0.194005842500184,0.194005842500184,1.70376127409578,1.68379559995551,0.219999984535221,0.169689143235313,1.27256130440675,2.13496124378481,1.3512048792143,2.01638632069673
4,11,0.18518797754193,0.18518797754193,1.6994302723263,1.68955729058785,0.220142352515155,0.169804034115838,1.2679512613966,2.13090928325601,1.3567413837208,2.02237319745489
4,12,0.176770898154975,0.176770898154975,1.69812098819744,1.68789609555195,0.220170936755515,0.169663427890769,1.26658595215663,2.12965602423825,1.35535577688605,2.02043641421786
4,13,0.168736388016558,0.168736388016558,1.69668777050145,1.68789840181641,0.22012474491048,0.169666509434183,1.26524327047691,2.128132270526,1.35535204332541,2.02044476030741
4,14,0.161067058763898,0.161067058763898,1.68968175353396,1.68636250904713,0.218206660161968,0.169568907207027,1.2619966996165,2.11736680745142,1.35400745092136,2.0187175671729
4,15,0.15374631236214,0.15374631236214,1.69612981437078,1.68803714450309,0.218542376349467,0.170786753198474,1.26778675672582,2.12447287201573,1.35329510823408,2.0227791807721
4,16,0.146758305182729,0.146758305182729,1.64184436739607,1.6920485367838,0.198905540222697,0.171874810061197,1.25198950855958,2.03169922623255,1.35517390906386,2.02892316450375
5,1,0.0765671785183654,0.0765671785183654,2.22238001592526,2.22422355528724,0.306773198799659,0.270852781022158,1.62110454627793,2.82365548557259,1.69335210448381,2.75509500609067
5,2,0.0730870820856568,0.0730870820856568,2.22236550842302,2.22421758452987,0.306773095449422,0.270144895517248,1.62109024134215,2.82364077550389,1.69473358931606,2.75370157974367
5,3,0.0697651614067805,0.0697651614067805,2.22236927869686,2.22421140520759,0.30677178901105,0.26998272599758,1.6210965722352,2.82364198515852,1.69504526225234,2.75337754816285
5,4,0.066594227149606,0.066594227149606,2.22238010643763,2.2242108064704,0.30677234307909,0.269846848703411,1.62110631400262,2.82365389887265,1.69531098301171,2.75311062992909
5,5,0.0635674167482441,0.0635674167482441,2.22240394103426,2.22420829891438,0.306763392770172,0.269474256096442,1.62114769120472,2.82366019086379,1.69603875696536,2.75237784086341
5,6,0.060678179551016,0.060678179551016,2.22240587432794,2.22420852718436,0.30676360819571,0.269474076646419,1.62114920226435,2.82366254639153,1.69603933695738,2.75237771741134
5,7,0.057920262643472,0.057920262643472,2.22238253654544,2.2242077519895,0.306762602295306,0.269708637805063,1.62112783604664,2.82363723704424,1.69557882189158,2.75283668208743
5,8,0.0552876973157743,0.0552876973157743,2.22235447353068,2.22420254272475,0.306761249806959,0.269312924436824,1.62110242390904,2.82360652315232,1.69634921082857,2.75205587462092
5,9,0.0527747861451589,0.0527747861451589,2.22234388514068,2.22420370004399,0.306763388821109,0.269386132638942,1.62108764305131,2.82360012723005,1.69620688007166,2.75220052001632
5,10,0.0503760906655198,0.0503760906655198,2.22232600146136,2.22420366565568,0.306764940223978,0.269114715664183,1.62106671862236,2.82358528430035,1.69673882295388,2.75166850835747
5,11,0.0480864195974286,0.0480864195974286,2.22231432519344,2.22418638525407,0.306762304158975,0.268760477296196,1.62106020904185,2.82356844134503,1.69741584975352,2.75095692075461
5,12,0.0459008176131188,0.0459008176131188,2.22240206892605,2.22418607804122,0.306775571811843,0.268631945060159,1.62112194817484,2.82368218967727,1.6976674657233,2.75070469035913
5,13,0.0438145546121189,0.0438145546121189,2.22246191789649,2.20985104441871,0.306770675026299,0.288130608306767,1.62119139484495,2.82373244094804,1.64511505213745,2.77458703669997
5,14,0.0418231154843237,0.0418231154843237,2.22246079032879,2.20724340643649,0.306770401162904,0.287822940262088,1.6211908040495,2.82373077660808,1.6431104435228,2.77137636935018
5,15,0.0399221903383509,0.0399221903383509,2.22246926108437,2.20723644840123,0.306769636422974,0.287910800933002,1.62120077369534,2.8237377484734,1.64293127857255,2.77154161822991
5,16,0.0381076651740328,0.0381076651740328,2.22250703091275,2.20723849569779,0.3067698352741,0.287900283443592,1.62123815377551,2.82377590804999,1.64295394014835,2.77152305124723
5,17,0.0363756129788589,0.0363756129788589,2.22250160872714,2.20724240744275,0.306769074059541,0.28792244900289,1.62123422357044,2.82376899388385,1.64291440739708,2.77157040748841
5,18,0.034722285229098,0.034722285229098,2.22250739635764,2.20841454922569,0.306770364574937,0.283499051849592,1.62123748179076,2.82377731092451,1.65275640760049,2.76407269085089
5,19,0.0331441037772075,0.0331441037772075,2.22248029829532,2.22279222586462,0.306774815598052,0.288676893486437,1.62120165972314,2.8237589368675,1.6569855146312,2.78859893709804
5,20,0.0316376531079731,0.0316376531079731,2.22247833557704,2.22279192458262,0.306774705869091,0.288626727187678,1.62119991207362,2.82375675908046,1.65708353929477,2.78850030987046
5,21,0.0301996729466182,0.0301996729466182,2.22247481929816,2.22147595806633,0.306774719386675,0.288545675130741,1.62119636930028,2.82375326929605,1.65592643481007,2.78702548132258
5,22,0.0288270512028865,0.0288270512028865,2.22256740174596,2.22147500552372,0.306768805822286,0.288556619552437,1.62130054233428,2.82383426115764,1.65590403120094,2.78704597984649
5,23,0.027516817235827,0.027516817235827,2.22257226324376,2.22147414520558,0.306768647359639,0.288328951482931,1.62130571441887,2.82383881206865,1.65634940029904,2.78659889011213
5,24,0.0262661354247044,0.0262661354247044,2.22255565683241,2.2241070370447,0.306769549200526,0.288809708988911,1.62128734039938,2.82382397326545,1.65804000742643,2.79017406666297
6,1,0.444376111767572,0.444376111767572,1.43026106517231,1.40181997437096,0.167857059043587,0.151552575818311,1.10126122944688,1.75926090089774,1.10477692576707,1.69886302297485
6,2,0.424178531665122,0.424178531665122,1.43030706413757,1.40182242897545,0.167858164094287,0.151178364280989,1.10130506251277,1.75930906576237,1.10551283498471,1.69813202296619
6,3,0.404898962750026,0.404898962750026,1.43455985678004,1.40184297133544,0.167817004137974,0.151324030653412,1.10563852866961,1.76348118489047,1.10524787125476,1.69843807141613
6,4,0.386495679997014,0.386495679997014,1.4335033712541,1.4018430167821,0.167812596311814,0.15132345563848,1.10459068248294,1.76241606002525,1.10524904373068,1.69843698983352
6,5,0.368928854847616,0.368928854847616,1.43368460576315,1.40184699640815,0.167880511660257,0.151858983611038,1.10463880290905,1.76273040861725,1.10420338853051,1.69949060428578
6,6,0.35216046901281,0.35216046901281,1.43368007405034,1.40184715187092,0.167879136260433,0.151853029720267,1.1046369669799,1.76272318112079,1.1042152136192,1.69947909012265
6,7,0.336154232193485,0.336154232193485,1.43367545353807,1.40184969516763,0.167879384773357,0.151587826699382,1.10463185938229,1.76271904769385,1.10473755483684,1.69896183549842
6,8,0.320875503540635,0.320875503540635,1.43370186205321,1.40185041747554,0.167880766014352,0.151449860220561,1.10465556066508,1.76274816344134,1.10500869144324,1.69869214350784
6,9,0.306291216685302,0.306291216685302,1.43368376177381,1.40185041655776,0.167880225609288,0.151456362663399,1.1046385195796,1.76272900396801,1.1049959457375,1.69870488737802
6,10,0.292369808176031,0.292369808176031,1.43378527434095,1.40331050604944,0.167882278159031,0.151339044697893,1.10473600914924,1.76283453953265,1.10668597844157,1.69993503365731
6,11,0.279081149168946,0.279081149168946,1.43566341221809,1.41582281991674,0.167659272625674,0.148777167005707,1.10705123787177,1.76427558656441,1.12421957258555,1.70742606724792
6,12,0.266396480222629,0.266396480222629,1.4357409732381,1.41660086933534,0.167666460959832,0.148802419578928,1.10711470975683,1.76436723671937,1.12494812696064,1.70825361171003
6,13,0.254288349056655,0.254288349056655,1.43575216446724,1.41660130685317,0.167667201911647,0.148739279309594,1.10712444872042,1.76437988021407,1.12507231940636,1.70813029429997
6,14,0.242730551139116,0.242730551139116,1.43575737706238,1.41660132827567,0.167666838580329,0.148738899574367,1.10713037344493,1.76438438067982,1.12507308510991,1.70812957144143
6,15,0.23169807297452,0.23169807297452,1.43363129603186,1.42871580617632,0.167241637550468,0.150706306855411,1.10583768643294,1.76142490563078,1.13333144473971,1.72410016761292
6,16,0.221167037969349,0.221167037969349,1.43397894082883,1.42403741969005,0.16722596215954,0.150520858310403,1.10621605499613,1.76174182666153,1.12901653740166,1.71905830197844
6,17,0.211114654758111,0.211114654758111,1.43487813548179,1.41870676676776,0.167221018708182,0.149706215812908,1.10712493881376,1.76263133214983,1.12528258377446,1.71213094976106
6,18,0.201519167878051,0.201519167878051,1.43427099611777,1.41951358383183,0.167171435637089,0.14993710848064,1.10661498226907,1.76192700996646,1.12563685120978,1.71339031645389
6,19,0.19235981068577,0.19235981068577,1.43421174009549,1.42112273907085,0.167156574833221,0.1502268935644,1.10658485342237,1.7618386267686,1.12667802768463,1.71556745045708
7,1,0.262258598785523,0.262258598785523,2.21417539407057,2.21448890752766,0.222581895988608,0.216687491960557,1.77791487793289,2.65043591020824,1.78978142328497,2.63919639177035
7,2,0.250338540717016,0.250338540717016,2.214218339211,2.21448894336265,0.222578015349589,0.216611223432725,1.77796542912581,2.6504712492962,1.78993094543451,2.63904694129079
7,3,0.238960267684404,0.238960267684404,2.21416265761348,2.21448893745844,0.222568804212126,0.216630393504597,1.77792780135771,2.65039751386925,1.78989336618943,2.63908450872745
7,4,0.228099154721646,0.228099154721646,2.21416962589017,2.21448047940563,0.222568857146023,0.216223740479499,1.77793466588397,2.65040458589638,1.79068194806581,2.63827901074545
7,5,0.217731696105416,0.217731696105416,2.21416913574805,2.21448042471094,0.222569129509284,0.216199589198389,1.77793364190985,2.65040462958625,1.7907292298821,2.63823161953978
7,6,0.207835454483789,0.207835454483789,2.21417000182628,2.21448029462137,0.222569186164257,0.21606736172633,1.77793439694433,2.65040560670822,1.79098826563776,2.63797232360498
7,7,0.198389012317111,0.198389012317111,2.21417322665224,2.21448001500223,0.222569273188398,0.21624357280106,1.77793745120298,2.65040900210151,1.79064261231215,2.63831741769231
7,8,0.189371925525964,0.189371925525964,2.21418897376467,2.21448001173732,0.222573223079502,0.216245872314377,1.77794545652885,2.65043249100049,1.79063810200115,2.6383219214735
7,9,0.180764679245889,0.180764679245889,2.21396524807073,2.21600326807549,0.222569986987161,0.216572324982527,1.77772807357589,2.65020242256557,1.79152151110973,2.64048502504124
7,10,0.172548645593135,0.172548645593135,2.21396150945808,2.21600327725013,0.222569435122011,0.216585552719078,1.77772541661894,2.65019760229723,1.79149559392074,2.64051096057953
7,11,0.164706043350017,0.164706043350017,2.21388866696666,2.21600329310237,0.22255591623081,0.216554128321346,1.77767907115427,2.65009826277904,1.79155720159253,2.64044938461221
7,12,0.157219899482635,0.157219899482635,2.21389126881998,2.21600338544576,0.222557165666432,0.216539937705989,1.77767922411377,2.65010331352619,1.79158510754202,2.6404216633495
7,13,0.150074012407678,0.150074012407678,2.21387046096528,2.2160035827504,0.222557400617916,0.216363338773809,1.77765795575417,2.6500829661764,1.79193143875374,2.64007572674707
7,14,0.143252916928798,0.143252916928798,2.21386854224387,2.21434042964664,0.222563364954252,0.216573616631782,1.77764434693353,2.6500927375542,1.78985614104835,2.63882471824493
7,15,0.13674185076669,0.13674185076669,2.21386624571011,2.21434010254051,0.222563277249333,0.216484792739117,1.77764222230142,2.65009026911881,1.79002990877184,2.63865029630918
8,1,0.758898992536271,0.758898992536271,1.51546165524313,1.56684651334103,0.180179835508823,0.144478404498219,1.16230917764584,1.86861413284043,1.28366884052453,1.85002418615754
8,2,0.724405862087718,0.724405862087718,1.51576833129571,1.56684630178111,0.179486029035335,0.144046806893988,1.16397571438646,1.86756094820497,1.28451456026889,1.84917804329332
8,3,0.691480497652617,0.691480497652617,1.51486640883734,1.5668462815984,0.179443761984949,0.143861145674986,1.16315663534684,1.86657618232784,1.28487843607542,1.84881412712137
8,4,0.660051641846062,0.660051641846062,1.51405969306355,1.56684622642336,0.179390618189929,0.143896686896318,1.16245408141129,1.86566530471581,1.28480872010658,1.84888373274015
8,5,0.630051276041268,0.630051276041268,1.51382308224999,1.5668388613267,0.179384490441291,0.143621246647424,1.16222948098506,1.86541668351492,1.28534121789775,1.84833650475565
8,6,0.601414473163012,0.601414473163012,1.51381224316825,1.56683887229672,0.17938390114415,0.143624745428095,1.16221979692571,1.86540468941078,1.28533437125765,1.84834337333579
8,7,0.574079257171843,0.574079257171843,1.51380603605476,1.56683880108008,0.179383745982774,0.143647696147927,1.16221389392852,1.86539817818099,1.28528931663015,1.84838828553002
8,8,0.547986468934955,0.547986468934955,1.51380416084425,1.55591420366612,0.179383626538199,0.143187157620422,1.16221225282938,1.86539606885912,1.27526737473009,1.83656103260215
8,9,0.523079638193429,0.523079638193429,1.51467584298564,1.55180783296273,0.179413089069857,0.142996517616235,1.16302618840872,1.86632549756256,1.27153465843491,1.83208100749055
8,10,0.499304861348769,0.499304861348769,1.5162793006713,1.55520467279284,0.179141800679645,0.143293692965141,1.16516137133919,1.8673972300034,1.27434903458116,1.83606031100451
8,11,0.476610684804218,0.476610684804218,1.51636451756765,1.55519167857272,0.179138439277097,0.143253900178831,1.16525317658454,1.86747585855076,1.27441403422221,1.83596932292323
9,1,0.524467649538552,0.524467649538552,1.46101811544074,1.47861532982701,0.151144952856757,0.139062726679759,1.1647740078415,1.75726222303999,1.20605238553468,1.75117827411933
9,2,0.500629785436084,0.500629785436084,1.4610919160091,1.47861735498916,0.151128732568392,0.138402702680528,1.16487960017505,1.75730423184315,1.20734805773532,1.74988665224299
9,3,0.477875389046959,0.477875389046959,1.46095299282035,1.47862121643254,0.151092222960132,0.138207292645317,1.16481223581849,1.7570937498222,1.20773492284772,1.74950751001736
9,4,0.456155215091449,0.456155215091449,1.4609564828053,1.47862118005304,0.151094618696683,0.138083821819596,1.1648110301598,1.7571019354508,1.20797688928663,1.74926547081945
9,5,0.435422256563789,0.435422256563789,1.46093944586832,1.47862324077625,0.151095352693103,0.136746062187038,1.16479255458984,1.7570863371468,1.21060095888966,1.74664552266285
9,6,0.415631642999178,0.415631642999178,1.46081818986413,1.47862367159061,0.15109141338188,0.136660475785606,1.16467901963565,1.75695736009262,1.21076913905082,1.74647820413039
9,7,0.396740543364688,0.396740543364688,1.46072739940593,1.47734074215783,0.151090416006201,0.136545882393868,1.16459018403377,1.75686461477808,1.20971081266585,1.74497067164981
9,8,0.37870807336394,0.37870807336394,1.46072056337781,1.47733867828067,0.151088281702149,0.13663001585591,1.1645875312416,1.75685359551403,1.20954384720309,1.74513350935825
9,9,0.361495206954926,0.361495206954926,1.46068778272294,1.47733868697486,0.151084427220629,0.136612987848097,1.16456230537051,1.75681326007538,1.20957723079259,1.74510014315712
9,10,0.345064691889475,0.345064691889475,1.46162265477025,1.47733860084858,0.151105038494764,0.136411839051661,1.16545677932052,1.75778853021999,1.20997139630733,1.74470580538984
10,1,0.440462811680872,0.440462811680872,1.4803058994669,1.54250792368806,0.185741506579455,0.143476716523468,1.11625254657117,1.84435925236263,1.26129355930207,1.82372228807406
10,2,0.420443097106909,0.420443097106909,1.47999437700215,1.54250792373922,0.185733354794262,0.143468162741807,1.1159570016054,1.84403175239891,1.26131032476528,1.82370552271316
10,3,0.401333309457521,0.401333309457521,1.47943288618509,1.54330858071181,0.185727425936927,0.143544215529871,1.11540713134871,1.84345864102146,1.26196191827327,1.82465524315036
10,4,0.383092091149663,0.383092091149663,1.48311764605558,1.48725106145673,0.183942377971228,0.142716437903099,1.12259058523198,1.84364470687919,1.20752684316665,1.7669752797468
10,5,0.365679964366266,0.365679964366266,1.48421186072373,1.48471322882532,0.183903548642519,0.142787749311217,1.12376090538439,1.84466281606307,1.20484924017533,1.7645772174753
10,6,0.349059245617973,0.349059245617973,1.47847296893684,1.49545030280939,0.184209140623915,0.14104741993326,1.11742305331397,1.83952288455971,1.2189973597402,1.77190324587858
10,7,0.33319396418818,0.33319396418818,1.47743246325668,1.54383415496265,0.183084787911382,0.140130423513339,1.11858627895037,1.83627864756299,1.2691785248765,1.81848978504879
11,1,0.608790705942984,0.608790705942984,1.44881638585861,1.46843027265963,0.130476827968422,0.135945335439748,1.1930818030405,1.70455096867672,1.20197741519772,1.73488313012153
11,2,0.581120228787943,0.581120228787943,1.44896744039837,1.46244749321308,0.13046867849678,0.13668282297316,1.19324883054468,1.70468605025206,1.19454916018568,1.73034582624047
11,3,0.554707417524503,0.554707417524503,1.44744152481423,1.44494914349201,0.130485335334501,0.135341639201755,1.19169026755861,1.70319278206985,1.17967953065657,1.71021875632745
11,4,0.529495109296886,0.529495109296886,1.44753536289203,1.44698601782102,0.130485741425872,0.135149191809202,1.19178330969732,1.70328741608674,1.18209360187498,1.71187843376705
11,5,0.505428739389332,0.505428739389332,1.44767868561111,1.4476449350979,0.130486908374706,0.134923069509194,1.19192434519668,1.70343302602553,1.18319571885988,1.71209415133592
11,6,0.482456223136623,0.482456223136623,1.44761989834155,1.44286938954524,0.130468821203181,0.134757986882484,1.19190100878331,1.70333878789978,1.17874373525557,1.70699504383491
11,7,0.460527843201961,0.460527843201961,1.44699115427623,1.44354150675464,0.130468820644247,0.134841460850102,1.1912722658135,1.70271004273895,1.17925224348844,1.70783077002084
11,8,0.439596141978235,0.439596141978235,1.44695361478401,1.4448958706434,0.130483526935639,0.135001297299078,1.19120590199016,1.70270132757786,1.18029332793721,1.70949841334959
12,1,0.408172964001307,0.408172964001307,1.39692053420648,1.45792518758073,0.172313897512736,0.14954274489277,1.05918529508152,1.73465577333144,1.1648214075909,1.75102896757056
12,2,0.389620872838534,0.389620872838534,1.39660617709446,1.45792518757623,0.172300737595777,0.149510724754149,1.05889673140673,1.73431562278218,1.1648841670581,1.75096620809437
12,3,0.371912002851259,0.371912002851259,1.39208194151174,1.45938156840893,0.170678324416999,0.146601670382021,1.05755242565442,1.72661145736906,1.17204229446017,1.74672084235769
12,4,0.355008028335681,0.355008028335681,1.38862548586211,1.45938156791683,0.170782861928416,0.146536989886231,1.05389107648242,1.72335989524181,1.17216906773982,1.74659406809385
12,5,0.338872365550385,0.338872365550385,1.38776765139639,1.45938209789106,0.170750335995896,0.146529985659869,1.05309699284444,1.72243830994835,1.17218332599771,1.7465808697844
12,6,0.323470093541465,0.323470093541465,1.39180560699631,1.45938301202745,0.171276591203991,0.146140904297565,1.05610348823648,1.72750772575613,1.17294683960423,1.74581918445068
12,7,0.308767878566265,0.308767878566265,1.39196078199236,1.45938639759682,0.171286100242908,0.146543894148596,1.05624002551626,1.72768153846846,1.17216036506557,1.74661243012807
12,8,0.294733901952176,0.294733901952176,1.39009928809881,1.45938685089004,0.171317927903479,0.146507262478286,1.05431614940799,1.72588242678962,1.1722326164326,1.74654108534748
12,9,0.28133779123437,0.28133779123437,1.38908508578049,1.45939393853813,0.171344070897957,0.146229231303385,1.0532507068205,1.72491946474049,1.1727846451835,1.74600323189277
12,10,0.268550554423417,0.268550554423417,1.38885416680937,1.45939898955412,0.171335476671183,0.146229532342091,1.05303663253385,1.72467170108489,1.17278910616362,1.74600887294462
12,11,0.256344517260553,0.256344517260553,1.38902363132947,1.45939905476222,0.17134226733278,0.146174002338206,1.05319278735722,1.72485447530172,1.17289801017934,1.7459000993451
13,1,0.372693955950106,0.372693955950106,1.54082848449866,1.50277634028222,0.200253124374673,0.150659875801036,1.1483323607243,1.93332460827302,1.20748298371219,1.79806969685226
13,2,0.355754440459367,0.355754440459367,1.5410240334959,1.50277635682872,0.200270374885102,0.150592141771945,1.1484940987211,1.9335539682707,1.20761575895571,1.79793695470173
13,3,0.339584852091083,0.339584852091083,1.54078961462437,1.5027763659745,0.200215638036078,0.150482860354682,1.14836696407366,1.93321226517508,1.20782995967932,1.79772277226968
13,4,0.32415019646928,0.32415019646928,1.5409861687583,1.50277657961541,0.200159105332159,0.150533965731376,1.14867432230726,1.93329801520933,1.20773000678191,1.79782315244891
13,5,0.309417069766382,0.309417069766382,1.54540567702299,1.50281170115169,0.200162602574562,0.14697232146019,1.15308697597685,1.93772437806913,1.21474595108972,1.79087745121367
13,6,0.295353586410327,0.295353586410327,1.54523162442812,1.50281173685884,0.200143606684832,0.146973712300986,1.15295015532585,1.93751309353039,1.2147432607489,1.79088021296877
13,7,0.281929310077515,0.281929310077515,1.5453244814679,1.50281160785831,0.200144725090928,0.14703268510948,1.15304082028968,1.93760814264612,1.21462754504373,1.79099567067289
13,8,0.269115187822228,0.269115187822228,1.54535808252961,1.50281217239582,0.200144392079681,0.14719267256272,1.15307507405344,1.93764109100579,1.21431453417289,1.79130981061875
13,9,0.256883487199967,0.256883487199967,1.53946103730269,1.52095035918829,0.199267627398729,0.153113755392464,1.14889648760118,1.9300255870042,1.22084739861906,1.82105331975752
13,10,0.245207736248639,0.245207736248639,1.54073004250755,1.51023518414802,0.19933784244311,0.150300885514296,1.15002787131905,1.93143221369604,1.21564544854,1.80482491975604
13,11,0.23406266619768,0.23406266619768,1.53935034742259,1.50284691966737,0.199831743199363,0.152238067251935,1.14768013075184,1.93102056409334,1.20446030785357,1.80123353148116
13,12,0.22342415678115,0.22342415678115,1.53956425442905,1.50284683186419,0.199821793913426,0.152200717816901,1.14791353835874,1.93121497049937,1.20453342494307,1.80116023878532
13,13,0.213269184036418,0.213269184036418,1.53880712901782,1.5013519084986,0.199772820681332,0.150643596513931,1.14725240048241,1.93036185755323,1.2060904593313,1.79661335766591
13,14,0.203575770475491,0.203575770475491,1.54080212732234,1.50135139699496,0.199779811001464,0.150620738266891,1.14923369775947,1.93237055688521,1.20613474999186,1.79656804399807
13,15,0.194322937521124,0.194322937521124,1.5413503573106,1.50134490353434,0.199696917629355,0.152029598751792,1.14994439875707,1.93275631586414,1.20336688998083,1.79932291708785
14,1,0.195887754516808,0.195887754516808,1.73207539093161,1.73184498446525,0.18110620559449,0.177019990231148,1.37710722796641,2.08704355389681,1.3848858036122,2.0788041653183
14,2,0.186984353752972,0.186984353752972,1.73204323637476,1.76055414841319,0.181104235601815,0.178631724658156,1.3770789345952,2.08700753815432,1.41043596808321,2.11067232874318
14,3,0.178485626294809,0.178485626294809,1.73214823620813,1.74965356068689,0.181084523178181,0.178239304414125,1.3772225707789,2.08707390163737,1.40030452403521,2.09900259733858
14,4,0.170373179116031,0.170373179116031,1.73214604779889,1.74965349116006,0.181084326392776,0.178238590937731,1.37722076806905,2.08707132752873,1.4003058529221,2.09900112939801
14,5,0.162629455181778,0.162629455181778,1.73224720436785,1.74965438962077,0.181090716269858,0.178248238561693,1.37730940047893,2.08718500825677,1.40028784203985,2.09902093720169
14,6,0.155237695451521,0.155237695451521,1.73239980959794,1.75041309240648,0.181098445947841,0.178208277190427,1.37744685554017,2.08735276365571,1.40112486911324,2.09970131569972
14,7,0.148181902608989,0.148181902608989,1.73276449386406,1.76027825214534,0.181282212589495,0.177836231015912,1.37745135718865,2.08807763053947,1.41171923935415,2.10883726493653
14,8,0.141446806440625,0.141446806440625,1.73213689840542,1.75033961116362,0.181212376745002,0.17867047982751,1.37696063998522,2.08731315682563,1.4001454707017,2.10053375162554
14,9,0.135017830787643,0.135017830787643,1.73310514563616,1.75349044031152,0.181181057294494,0.17854144669595,1.37799027333896,2.08822001793337,1.40354920478746,2.10343167583558
14,10,0.128881062000174,0.128881062000174,1.73322448198967,1.75427516268059,0.181184306138367,0.178551608290603,1.37810324195847,2.08834572202087,1.40431401043101,2.10423631493017
14,11,0.123023218825204,0.123023218825204,1.73313478915298,1.75194187801931,0.181183018225775,0.178248628468003,1.37801607343046,2.0882535048755,1.40257456622202,2.1013091898166
14,12,0.11743162366317,0.11743162366317,1.73294582950212,1.75115741095524,0.181185967811433,0.178260523550745,1.37782133259172,2.08807032641253,1.40176678479578,2.1005480371147
14,13,0.112094175130972,0.112094175130972,1.73294958646968,1.75115710698996,0.18118588920349,0.178260125309968,1.37782524363084,2.08807392930852,1.40176726138242,2.1005469525975
14,14,0.106999321872051,0.106999321872051,1.73317398659136,1.75115671609287,0.18118954368996,0.17824492810381,1.37804248095904,2.08830549222368,1.4017966570094,2.10051677517634
14,15,0.102136037556829,0.102136037556829,1.7323091585783,1.73963499128472,0.181090438241349,0.178535179816849,1.37737189962526,2.08724641753135,1.38970603884369,2.08956394372574
14,16,0.0974937970194259,0.0974937970194259,1.73223916904082,1.74123236681436,0.181080549570316,0.178529626702615,1.37732129188301,2.08715704619864,1.39131429847724,2.09115043515149
14,17,0.0930625534789951,0.0930625534789951,1.73230137816167,1.73885021583345,0.181079396922502,0.178568134455274,1.37738576019356,2.08721699612977,1.38885667230112,2.08884375936579
14,18,0.0888327167963842,0.0888327167963842,1.73242736427062,1.73886429604414,0.181080628123385,0.178603674498009,1.37750933314879,2.08734539539246,1.38880109402804,2.08892749806023
14,19,0.0847951327190663,0.0847951327190663,1.73209595608258,1.73013795791949,0.181046479819718,0.178982734885482,1.37724485563593,2.08694705652922,1.37933179754394,2.08094411829503
14,20,0.0809410630694201,0.0809410630694201,1.73210665996374,1.72934145131419,0.181046880987768,0.178994265821699,1.37725477322772,2.08695854669976,1.37851269030366,2.08017021232471
15,1,0.284894797709769,0.284894797709769,1.8864513953186,1.91124165085204,0.235262275129619,0.220417918443309,1.42533733606455,2.34756545457266,1.47922253070315,2.34326077100092
15,2,0.271945889464846,0.271945889464846,1.88660297376939,1.91124164783157,0.235279078899366,0.220447820568217,1.42545597912664,2.34774996841215,1.47916391951787,2.34331937614528
15,3,0.259585529084198,0.259585529084198,1.88592260838475,1.91124162426766,0.235026402809366,0.220558423737591,1.42527085887839,2.34657435789111,1.47894711374198,2.34353613479334
15,4,0.247786966159067,0.247786966159067,1.8862185930772,1.91124133679557,0.235096559585697,0.220678366726029,1.42542933628923,2.34700784986517,1.47871173801255,2.34377093557858
15,5,0.236524666128056,0.236524666128056,1.88628340131269,1.91124128707008,0.235099143197004,0.220618898785058,1.42548908064656,2.34707772197881,1.47882824545137,2.3436543286888
15,6,0.225774255014991,0.225774255014991,1.88723613946926,1.91121424986859,0.235229678521347,0.218828677347273,1.42618596956742,2.3482863093711,1.48231004226793,2.34011845746924
15,7,0.215512466678535,0.215512466678535,1.8873040955315,1.91121426970784,0.235236959617292,0.218777912455726,1.4262396546816,2.34836853638139,1.48240956129462,2.34001897812106
15,8,0.205717092459381,0.205717092459381,1.88820367650001,1.91311868632662,0.235556516964832,0.231189510459374,1.42651290324894,2.34989444975108,1.45998724582625,2.36625012682699
15,9,0.196366933116062,0.196366933116062,1.88819238355688,1.91311962772041,0.235556786403052,0.230957055292961,1.4265010822069,2.34988368490686,1.46044379934621,2.36579545609461
15,10,0.187441752945354,0.187441752945354,1.8878018590858,1.91313776643177,0.2355574421786,0.230706188922251,1.42610927241574,2.34949444575585,1.46095363614416,2.36532189671939
15,11,0.178922235987977,0.178922235987977,1.887819043106,1.91313821150786,0.235540734477209,0.230855155950823,1.42615920353067,2.34947888268133,1.46066210584425,2.36561431717147
15,12,0.170789944224808,0.170789944224808,1.887809312448,1.91313841456672,0.235540544747478,0.231104865565571,1.42614984474295,2.34946878015306,1.4601728780582,2.36610395107524
15,13,0.163027277673151,0.163027277673151,1.88794460888865,1.91313893028645,0.235548278615502,0.230959115959418,1.42626998280227,2.34961923497504,1.46045906300599,2.36581879756691
15,14,0.155617436296686,0.155617436296686,1.88760882149157,1.91314273898232,0.235520905642418,0.230793710392341,1.42598784643243,2.34922979655071,1.46078706661333,2.36549841135131
16,1,0.691740954856915,0.691740954856915,1.56865717538111,1.56716452557289,0.187532209125646,0.144108940673009,1.20109404549484,1.93622030526738,1.2847110018538,1.84961804929199
16,2,0.660300260868452,0.660300260868452,1.56865927953339,1.56716449001532,0.187531934501039,0.144175789886128,1.20109668791135,1.93622187115543,1.28457994183851,1.84974903819213
16,3,0.630288594945387,0.630288594945387,1.56868724184753,1.56715245384716,0.187533028085478,0.143588210401264,1.20112250679999,1.93625197689507,1.28571956146068,1.84858534623364
16,4,0.601641005556675,0.601641005556675,1.56868484943025,1.56715192035947,0.187478957000692,0.143829531036224,1.20122609370889,1.9361436051516,1.28524603952847,1.84905780119047
16,5,0.574295493318598,0.574295493318598,1.56869055434073,1.56715130908473,0.187478132435965,0.143852194363421,1.20123341476624,1.93614769391522,1.28520100813242,1.84910161003703
16,6,0.548192876815114,0.548192876815114,1.56869734446999,1.56715130940888,0.187477910563781,0.143849189115356,1.20124063976498,1.936154049175,1.28520689874278,1.84909572007497
16,7,0.523276664516878,0.523276664516878,1.56868598776414,1.56715095447753,0.187451808244817,0.14424622855496,1.2012804436043,1.93609153192398,1.28442834650981,1.84987356244525
16,8,0.499492932521738,0.499492932521738,1.56868408593738,1.56715051138509,0.187449711022219,0.144429484298873,1.20128265233383,1.93608551954093,1.2840687221593,1.85023230061088
17,1,0.596743473486857,0.596743473486857,1.46952435011107,1.35685370357786,0.177797604876592,0.142502408326288,1.12104104455295,1.81800765566919,1.07754898325833,1.63615842389738
17,2,0.569620561639901,0.569620561639901,1.46896666458902,1.35685409772129,0.177599626162736,0.142390282194082,1.12087139731005,1.81706193186798,1.07776914462089,1.63593905082169
17,3,0.543730427996215,0.543730427996215,1.47082833269226,1.35685409769549,0.177632713231032,0.14230876304168,1.12266821475944,1.81898845062508,1.07792892213379,1.63577927325718
17,4,0.519017040883865,0.519017040883865,1.47216184021476,1.35685512376928,0.176676858411172,0.142316720307335,1.12587519772886,1.81844848270065,1.0779143519669,1.63579589557165
17,5,0.495426915356886,0.495426915356886,1.4749220319702,1.35685512376916,0.176627300764503,0.142313079411427,1.12873252247178,1.82111154146863,1.07792148812277,1.63578875941556
17,6,0.472908997442648,0.472908997442648,1.46979651950202,1.35551730715136,0.178257173569587,0.142249387318097,1.12041245930563,1.81918057969841,1.07670850800789,1.63432610629483
17,7,0.451414553650375,0.451414553650375,1.46980170979806,1.35551727934987,0.178256232379694,0.142246610378378,1.12041949433386,1.81918392526226,1.07671392300825,1.6343206356915
18,1,0.342776643028667,0.342776643028667,1.27051732939213,1.26179916133318,0.160384421841047,0.135357717813642,0.956163862583679,1.58487079620058,0.996498034418441,1.52710028824792
18,2,0.327196915582738,0.327196915582738,1.27078489581443,1.26180219785671,0.160394919886567,0.134943325733392,0.956410852836761,1.5851589387921,0.997313279419257,1.52629111629415
18,3,0.312325310794015,0.312325310794015,1.27059941391558,1.26180252216118,0.160388922801467,0.135002308677153,0.956237125224707,1.58496170260646,0.997197997153957,1.5264070471684
18,4,0.298129643394855,0.298129643394855,1.27056509855357,1.26762481028148,0.160401747122556,0.135510942539927,0.956177674193357,1.58495252291378,1.00202336290323,1.53322625765974
18,5,0.284579190987702,0.284579190987702,1.27085531191648,1.2893964063977,0.160380994205502,0.135427244825632,0.956508563273699,1.58520206055927,1.02395900653946,1.55483380625594
18,6,0.271644627555384,0.271644627555384,1.27084986739435,1.29005711785782,0.160364093932481,0.135434343552799,0.956536243286685,1.58516349150201,1.02460580449433,1.5555084312213
18,7,0.259297959993471,0.259297959993471,1.2706759151853,1.27801777126828,0.160363524848771,0.133477686746623,0.956363406481705,1.58498842388889,1.0164015052449,1.53963403729166
18,8,0.247512467527329,0.247512467527329,1.27067255660821,1.27801866426623,0.160364575963831,0.133512884956988,0.956357987719098,1.58498712549732,1.01633340975053,1.53970391878193
18,9,0.236262643882775,0.236262643882775,1.27065730197494,1.27801853984271,0.160365022675081,0.133518732426676,0.956341857531783,1.5849727464181,1.01632182428643,1.539715255399
18,10,0.225524142085147,0.225524142085147,1.27078476619312,1.26184159738008,0.160384445067823,0.134026893129155,0.956431253860186,1.58513827852605,0.999148886846932,1.52453430791322
18,11,0.215273721767361,0.215273721767361,1.27081554769172,1.26184160052828,0.16037930156274,0.134056695248885,0.956472116628746,1.58515897875469,0.999090477840462,1.52459272321609
18,12,0.205489198872884,0.205489198872884,1.27159951359183,1.2804591474004,0.160233665460728,0.147272210665184,0.957541529288806,1.58565749789486,0.991805614496635,1.56911268030416
18,13,0.196149397644788,0.196149397644788,1.27160185415905,1.28045714913323,0.160233771879647,0.147251495343939,0.957543661274941,1.58566004704316,0.991844218259113,1.56907008000735
18,14,0.187234104796981,0.187234104796981,1.27159859523907,1.27814956958489,0.160232973306516,0.146957772452176,0.957541967558296,1.58565522291984,0.990112335578622,1.56618680359115
18,15,0.178724025768418,0.178724025768418,1.27154377533409,1.27892224788696,0.160235416278168,0.147017823617185,0.957482359428882,1.5856051912393,0.990767313597281,1.56707718217665
18,16,0.170600742965633,0.170600742965633,1.27154081289568,1.2789222353382,0.160236038489839,0.147018203726406,0.957478177455596,1.58560344833576,0.990766556034448,1.56707791464196
18,17,0.162846675903207,0.162846675903207,1.27032589399829,1.29081978342441,0.160475676679118,0.14709801830394,0.955793567707216,1.58485822028936,1.00250766754868,1.57913189930013
19,1,0.508614600149679,0.508614600149679,1.64870863929341,1.61031309886131,0.132699770933442,0.132594691326706,1.38861708826386,1.90880019032295,1.35042750386097,1.87019869386165
19,2,0.485497281608552,0.485497281608552,1.64889699485115,1.61160513750378,0.132702281619343,0.132577967858998,1.38880052287723,1.90899346682506,1.35175232050014,1.87145795450741
19,3,0.463430680872959,0.463430680872959,1.64909463840391,1.61289890386664,0.13268831101942,0.132590078488379,1.38902554880585,1.90916372800197,1.35302235002942,1.87277545770386
19,4,0.442367041197026,0.442367041197026,1.64909463840391,1.61289888659439,0.13268831101942,0.132587957761074,1.38902554880585,1.90916372800198,1.35302648938269,1.8727712838061
19,5,0.422260776452683,0.422260776452683,1.64691383981212,1.60900358710989,0.133340609304631,0.132145425742778,1.38556624557505,1.9082614340492,1.34999855265404,1.86800862156573
19,6,0.403068372471736,0.403068372471736,1.64838948682088,1.6536535085896,0.132978156983084,0.130382976353958,1.38775229913404,1.90902667450772,1.39810287493584,1.90920414224336
20,1,0.420526134655567,0.420526134655567,1.67326686381111,1.56250204274538,0.170675391192925,0.140382503904623,1.33874309707298,2.00779063054924,1.28735233509232,1.83765175039844
20,2,0.401412572821438,0.401412572821438,1.67411458649097,1.58459407854506,0.169480729774358,0.142525940077187,1.34193235613323,2.00629681684871,1.30524323599378,1.86394492109635
20,3,0.383167751871359,0.383167751871359,1.67345694509217,1.58527610122959,0.168855059528624,0.14253377140368,1.34250102841606,2.00441286176827,1.30590990927838,1.8646422931808
20,4,0.365752186191391,0.365752186191391,1.6735129281977,1.58813264295408,0.168769471472498,0.143089776420272,1.34272476411161,2.0043010922838,1.30767668117035,1.86858860473782
20,5,0.349128184849684,0.349128184849684,1.67336444057147,1.58884584610548,0.168771185977777,0.143008940112763,1.34257291605503,2.00415596508792,1.30854832348447,1.8691433687265
20,6,0.333259770025413,0.333259770025413,1.65791403345448,1.65632761342802,0.164672818311021,0.154155675558128,1.33515530956488,1.98067275734408,1.35418248933409,1.95847273752195
20,7,0.318112599145236,0.318112599145236,1.65637829558656,1.70641224348072,0.163952367595908,0.148704465374627,1.33503165509858,1.97772493607454,1.41495149134645,1.99787299561499
20,8,0.30365389055877,0.30365389055877,1.660857175654,1.69377430421736,0.164389292634398,0.152603394969852,1.33865416209058,1.98306018921742,1.39467165007645,1.99287695835827
20,9,0.289852352592235,0.289852352592235,1.66127991713694,1.69210292478377,0.164173376324867,0.152502912846097,1.3395000995402,1.98305973473368,1.39319721560542,1.99100863396211
20,10,0.27667811582672,0.27667811582672,1.66130890385102,1.6921036833307,0.164158162069115,0.152517827842496,1.33955890619555,1.98305890150648,1.39316874075941,1.99103862590199
20,11,0.264102668454499,0.264102668454499,1.66235279541667,1.6975384906961,0.164164342689189,0.151773968083782,1.34059068374586,1.98411490708748,1.40006151325189,1.99501546814032
20,12,0.252098794573514,0.252098794573514,1.66230230146842,1.69753621613515,0.164163664748008,0.151774831850303,1.34054151856233,1.98406308437452,1.40005754570856,1.99501488656175
20,13,0.240640515286457,0.240640515286457,1.66236828524706,1.6906884168052,0.164198403243157,0.152356613208686,1.34053941489047,1.98419715560365,1.39206945491617,1.98930737869422
20,14,0.229703032476996,0.229703032476996,1.66205112067338,1.68773438794652,0.164201651724818,0.153107852809977,1.34021588329273,1.98388635805402,1.38764299643896,1.98782577945407
20,15,0.21926267514146,0.21926267514146,1.66444106144704,1.68773437661792,0.164277663411088,0.15310772920516,1.3424568411613,1.98642528173277,1.38764322737581,1.98782552586003
20,16,0.209296848159825,0.209296848159825,1.66433093379951,1.68773668809986,0.1643043986729,0.153038095446031,1.34229431240062,1.98636755519839,1.38778202102564,1.98769135517408
21,1,0.369145177416507,0.369145177416507,1.64265891570547,1.72168932145456,0.156637594602409,0.130904122817646,1.33564923028475,1.9496686011262,1.46511724073197,1.97826140217714
21,2,0.352366959387085,0.352366959387085,1.64270377573802,1.68939353919287,0.15668231129383,0.131224968753005,1.33560644560211,1.94980110587392,1.43219260043698,1.94659447794876
21,3,0.336351337261566,0.336351337261566,1.64322556867046,1.68939122093232,0.156726773862982,0.131205697614754,1.33604109189901,1.9504100454419,1.4322280536074,1.94655438825724
21,4,0.321063649879171,0.321063649879171,1.64315389989121,1.69951188599815,0.156729105594443,0.129193400319808,1.3359648529261,1.95034294685632,1.44629282137132,1.95273095062497
21,5,0.306470811482379,0.306470811482379,1.64261366812795,1.70016242452531,0.156714197449625,0.129170535073599,1.33545384112669,1.94977349512922,1.44698817578105,1.95333667326956
21,6,0.292541240112404,0.292541240112404,1.6452521454564,1.62191373930571,0.156253245426345,0.129868778117327,1.33899578442076,1.95150850649203,1.36737093419574,1.87645654441567
21,7,0.279244789259235,0.279244789259235,1.64782715784781,1.62490659205313,0.156247258061827,0.12937537453636,1.34158253204663,1.95407178364899,1.37133085796187,1.8784823261444
21,8,0.266552682618261,0.266552682618261,1.64857862372757,1.61991391732536,0.156242662831219,0.128504491265397,1.34234300457838,1.95481424287676,1.36804511444518,1.87178272020554
21,9,0.254437451812333,0.254437451812333,1.64939097256866,1.62019032289467,0.156163859457006,0.131678986904282,1.34330980803293,1.95547213710439,1.36209950856227,1.87828113722706
21,10,0.242872876944432,0.242872876944432,1.64948681443094,1.621528426366,0.156167844951555,0.132192276887458,1.3433978383259,1.95557579053599,1.36243156366659,1.88062528906542
21,11,0.231833929852327,0.231833929852327,1.64997452985864,1.62152230950986,0.15615744081853,0.132190476136973,1.34390594585432,1.95604311386296,1.36242897628139,1.88061564273833
21,12,0.221296719942387,0.221296719942387,1.64954137613917,1.62152266413621,0.156151963832987,0.132194054665039,1.34348352702652,1.95559922525183,1.36242231699273,1.88062301127969
21,13,0.211238442485332,0.211238442485332,1.64946684881013,1.61205967069682,0.156154140200021,0.130334697274147,1.34340473401809,1.95552896360217,1.35660366403949,1.86751567735414
22,1,0.244416619849825,0.244416619849825,1.64914025540075,1.69842667534429,0.141746856317566,0.140991273780962,1.37131641701832,1.92696409378318,1.42208377873361,1.97476957195498
22,2,0.233307507260152,0.233307507260152,1.64890265796593,1.69842698520371,0.141741061644597,0.141366604932435,1.37109017714253,1.92671513878934,1.42134843953614,1.97550553087129
22,3,0.222703320982798,0.222703320982798,1.64893050126037,1.69842325368089,0.141769106616884,0.141358688980374,1.37106305229128,1.92679795022947,1.42136022327936,1.97548628408242
22,4,0.212581111337595,0.212581111337595,1.64802045187114,1.69708429029623,0.141747391495206,0.139923854821173,1.37019556454054,1.92584533920174,1.42283353484673,1.97133504574573
22,5,0.202918971742759,0.202918971742759,1.64797280476967,1.69708283338341,0.141728300084195,0.140750569732381,1.37018533660465,1.92576027293469,1.42121171670794,1.97295395005888
22,6,0.193695991304457,0.193695991304457,1.64802774414084,1.69708281869537,0.141727526031113,0.140631054199207,1.37024179311986,1.92581369516183,1.42144595246493,1.97271968492582
22,7,0.184892209561253,0.184892209561253,1.64783289145038,1.69708224431299,0.141728088334636,0.140340515792388,1.37004583831449,1.92561994458626,1.42201483335991,1.97214965526607
22,8,0.176488573285491,0.176488573285491,1.64774805056533,1.69708146291946,0.14172601710682,0.140305515450359,1.36996505703597,1.9255310440947,1.42208265263675,1.97208027320216
22,9,0.168466895248114,0.168466895248114,1.64775715255537,1.69707211335427,0.141774433881664,0.140343830094918,1.36987926214731,1.92563504296343,1.42199820636824,1.97214602034031
22,10,0.160809814857698,0.160809814857698,1.64568095822479,1.67826262788399,0.141718866171893,0.140175687381455,1.36791198052788,1.9234499359217,1.40351828061634,1.95300697515165
22,11,0.153500760588491,0.153500760588491,1.64595048409477,1.67826268218383,0.141720493351316,0.140174818191054,1.36817831712619,1.92372265106335,1.40352003852937,1.9530053258383
22,12,0.146523914116162,0.146523914116162,1.65126125173284,1.65192080881223,0.141515980714778,0.140959368813234,1.37388992953188,1.92863257393381,1.37564044593829,1.92820117168617
22,13,0.139864176083633,0.139864176083633,1.6502553980586,1.66551957478153,0.14155607212528,0.139539411160072,1.37280549669305,1.92770529942415,1.39202232890779,1.93901682065527
22,14,0.133507133422911,0.133507133422911,1.65172202558139,1.66256805891495,0.141647646451949,0.139438797093339,1.37409263853557,1.92935141262721,1.38926801661201,1.93586810121789
22,15,0.127439028162186,0.127439028162186,1.65183163152642,1.66330680878992,0.141650782785796,0.139426992435864,1.37419609726626,1.92946716578657,1.39002990361563,1.93658371396422
22,16,0.121646727650698,0.121646727650698,1.65126562094917,1.65632112861684,0.141717671493392,0.137721694935453,1.37349898482212,1.92903225707622,1.38638660654335,1.92625565069033
23,1,0.777611807225777,0.777611807225777,1.65141491109815,1.6810493806155,0.147378408279343,0.135028377156031,1.36255323087064,1.94027659132567,1.41639376138968,1.94570499984132
23,2,0.742268150469385,0.742268150469385,1.65144548658627,1.68382021989384,0.147368764868473,0.134933343722919,1.36260270744406,1.94028826572848,1.41935086619692,1.94828957359076
23,3,0.708530917459786,0.708530917459786,1.65150876946822,1.68389624422815,0.147368369297357,0.134887261783523,1.3626667656454,1.94035077329104,1.41951721113245,1.94827527732385
24,1,0.209517127099506,0.209517127099506,1.52688851149823,1.5349970097392,0.14191350481778,0.136370183475029,1.24873804205538,1.80503898094108,1.26771145012814,1.80228256935025
24,2,0.199994250317055,0.199994250317055,1.52691486850314,1.53569636207967,0.141913614744088,0.136546582187193,1.24876418360473,1.80506555340156,1.26806506099277,1.80332766316657
24,3,0.190904202981385,0.190904202981385,1.52556601397121,1.53219165013501,0.141807956675553,0.136853628639148,1.24762241888712,1.80350960905529,1.26395853800228,1.80042476226773
24,4,0.182227312326139,0.182227312326139,1.52521190632705,1.56255194647427,0.14197234920443,0.133991506648491,1.24694610188637,1.80347771076773,1.29992859344322,1.82517529950531
24,5,0.17394479974255,0.17394479974255,1.52495322771873,1.56690682649614,0.141976135296647,0.132222291642727,1.24668000253731,1.80322645290016,1.30775113487639,1.82606251811588
24,6,0.166038740138602,0.166038740138602,1.52492895455356,1.57770406119283,0.141974900511279,0.132086255420386,1.24665814955145,1.80319975955567,1.31881500056888,1.83659312181679
24,7,0.158492023145378,0.158492023145378,1.52557723746167,1.57428457840055,0.141986735053433,0.131157451058506,1.24728323675694,1.8038712381664,1.31721597432588,1.83135318247522
24,8,0.151288316086633,0.151288316086633,1.52562784171217,1.57328526420158,0.14198819698187,0.135243302734942,1.24733097562771,1.80392470779664,1.30820839084109,1.83836213756207
24,9,0.144412028631463,0.144412028631463,1.52545675577618,1.57328519094848,0.141978933320102,0.135238165502304,1.24717804646879,1.80373546508358,1.30821838656397,1.838351995333
24,10,0.137848279053567,0.137848279053567,1.52545675577618,1.57328517793241,0.141978933320102,0.135235536596723,1.24717804646879,1.80373546508358,1.30822352620283,1.83834682966199
24,11,0.131582862024073,0.131582862024073,1.52464286377525,1.5379755931338,0.14165875922016,0.135865354156564,1.24699169570374,1.80229403184677,1.27167949898693,1.80427168728066
24,12,0.125602217868226,0.125602217868226,1.52466358316448,1.53797531157498,0.141659890880868,0.135838121727395,1.24701019703798,1.80231696929098,1.27173259298928,1.80421803016067
24,13,0.119893403219418,0.119893403219418,1.52467237296005,1.53797530717897,0.141659800377233,0.135836176615592,1.24701916422067,1.80232558169942,1.27173640101241,1.80421421334553
24,14,0.114444063007031,0.114444063007031,1.52484061026289,1.53797431473448,0.141646082778906,0.136001243211703,1.24721428801623,1.80246693250954,1.27141187803954,1.80453675142942
24,15,0.109242403717471,0.109242403717471,1.52485182920766,1.53797455700946,0.141650371672682,0.135812386617872,1.2472171007292,1.80248655768611,1.27178227923844,1.80416683478049
24,16,0.104277167870541,0.104277167870541,1.52313340763186,1.53797455735865,0.141662825674271,0.135763988509205,1.24547426931028,1.80079254595343,1.27187713988061,1.8040719748367
25,1,0.611508727210303,0.611508727210303,1.30205523620393,1.30958869496561,0.191528875622408,0.156229606964362,0.926658639984007,1.67745183242384,1.00337866531546,1.61579872461576
25,2,0.583714711793837,0.583714711793837,1.30203489234567,1.31341739760535,0.191528472352179,0.156009555402182,0.926639086535402,1.67743069815594,1.00763866901707,1.61919612619363
25,3,0.557183977273615,0.557183977273615,1.30204988912116,1.31190898096396,0.191528666699139,0.155931475956119,0.926653702390851,1.67744607585148,1.00628328808997,1.61753467383795
25,4,0.531859105583231,0.531859105583231,1.30204609045559,1.30813662666796,0.191524464687922,0.155806284180015,0.926658139667266,1.67743404124392,1.00275630967514,1.61351694366079
25,5,0.507685288396017,0.507685288396017,1.30204604610043,1.30813662860675,0.191524475839793,0.155804417555188,0.926658073454435,1.67743401874642,1.00275997019858,1.61351328701492
25,6,0.484610208508336,0.484610208508336,1.3019152250376,1.30202600837044,0.191466990148517,0.160551274458334,0.926639924346502,1.67719052572869,0.987345510432105,1.61670650630877
25,7,0.462583926614202,0.462583926614202,1.3019640028942,1.2662181284644,0.191400712758978,0.165018891232334,0.926818605886602,1.6771093999018,0.942781101649024,1.58965515527977
25,8,0.441558773226157,0.441558773226157,1.30196641023488,1.27971778347126,0.191401231783247,0.167200233913592,0.926819995939719,1.67711282453005,0.952005325000618,1.6074302419419
26,1,0.468230163511968,0.468230163511968,1.6753454585049,1.66930280584535,0.138600080015874,0.143484808737812,1.40368930167378,1.94700161533601,1.38807258071924,1.95053303097146
26,2,0.446948379942867,0.446948379942867,1.67567676042505,1.66928740601263,0.138618070910642,0.143791058124974,1.40398534144019,1.94736817940991,1.38745693208768,1.95111787993758
26,3,0.426633886281971,0.426633886281971,1.67568654257473,1.6692873763365,0.138618419500104,0.143832513655747,1.40399444035452,1.94737864479493,1.38737564957123,1.95119910310176
26,4,0.407242717710096,0.407242717710096,1.67575771903865,1.66927142431668,0.138613925174535,0.139511752345268,1.40407442569656,1.94744101238074,1.39582838971996,1.94271445891341
26,5,0.388732907676943,0.388732907676943,1.67506428958531,1.66927119784081,0.138615112649074,0.139978877414848,1.40337866879312,1.94674991037749,1.39491259810771,1.94362979757391
26,6,0.371064397076693,0.371064397076693,1.67512657769386,1.67073645655096,0.138618490568405,0.139961236537672,1.40343433617979,1.94681881920794,1.39641243293713,1.9450604801648
26,7,0.354198947551711,0.354198947551711,1.67515952821537,1.67073652211517,0.138619404530062,0.140016901645243,1.40346549533644,1.94685356109429,1.39630339489049,1.94516964933984
26,8,0.338100058736732,0.338100058736732,1.67552165091458,1.67075504716258,0.138606398190739,0.140775317115402,1.40385311046074,1.94719019136843,1.39483542561639,1.94667466870877
27,1,0.203784374308239,0.203784374308239,2.07530034453321,2.10638788478491,0.194992091651967,0.191827940768001,1.69311584489536,2.45748484417107,1.73040512087963,2.48237064869019
27,2,0.194522059987727,0.194522059987727,2.07530061754802,2.10203178325994,0.194992257952953,0.191749456808443,1.69311579196023,2.45748544313581,1.72620284791539,2.47786071860449
27,3,0.185680732147965,0.185680732147965,2.07529542073099,2.09185351628247,0.194992318963332,0.190067397525554,1.69311047556286,2.45748036589912,1.71932141713239,2.46438561543256
27,4,0.17724125630368,0.17724125630368,2.07529340075123,2.08920298863854,0.194994350628598,0.190435264566528,1.69310447351918,2.45748232798328,1.71594987008815,2.46245610718894
27,5,0.169185367661482,0.169185367661482,2.07528943813579,2.08832100284516,0.194993371552991,0.190598291394992,1.69310242989193,2.45747644637965,1.71474835171098,2.46189365397935
27,6,0.161495631591033,0.161495631591033,2.07528190046353,2.09276334609996,0.194993337801113,0.190307296674707,1.69309495837334,2.45746884255371,1.71976104461754,2.46576564758239
27,7,0.154155405892848,0.154155405892848,2.0751709782104,2.09364496374829,0.194994624042411,0.1902225006118,1.69298151508727,2.45736044133352,1.72080886254916,2.46648106494742
27,8,0.147148804781097,0.147148804781097,2.07518663790753,2.10918040642784,0.194995750245304,0.191226990763061,1.69299496742673,2.45737830838832,1.73437550453224,2.48398530832344
27,9,0.14046066450343,0.14046066450343,2.0751861667038,2.11458598907781,0.194995645732945,0.191261929826824,1.69299470106722,2.45737763234037,1.73971260661724,2.48945937153839
27,10,0.134076510523444,0.134076510523444,2.0751908699308,2.11458630380145,0.194995654586742,0.191248334161117,1.69299938694078,2.45738235292081,1.73973956884566,2.48943303875724
27,11,0.127982526194758,0.127982526194758,2.07513361910948,2.11458631168062,0.194992430331402,0.191252845695661,1.69294845565993,2.45731878255903,1.73973073411713,2.48944188924412
27,12,0.122165522858889,0.122165522858889,2.07512230231887,2.10422556664947,0.194991762050508,0.194188957214644,1.69293844869988,2.45730615593787,1.72361521050877,2.48483592279017
27,13,0.116612911302238,0.116612911302238,2.07518685291484,2.09878780659914,0.194958135196738,0.194391268430879,1.69306890792923,2.45730479790045,1.71778092047461,2.47979469272366
27,14,0.111312674510395,0.111312674510395,2.07518332176396,2.09152075518558,0.194957157775201,0.19602525986346,1.69306729252457,2.45729935100335,1.7073112458532,2.47573026451797
27,15,0.106253341660799,0.106253341660799,2.07518402376051,2.08788835506292,0.194957174350411,0.196567952730033,1.6930679620337,2.45730008548732,1.70261516771205,2.47316154241378
27,16,0.101423963297478,0.101423963297478,2.07518429550357,2.08606735937513,0.194957200895344,0.196496645089508,1.6930681817487,2.45730040925845,1.70093393499969,2.47120078375056
28,1,0.218812301834158,0.218812301834158,1.7463110499499,1.73219215133631,0.163890349938025,0.161714872052261,1.42508596407137,2.06753613582843,1.41523100211388,2.04915330055874
28,2,0.208866945014419,0.208866945014419,1.74655420936608,1.73706184925313,0.163874982019144,0.161302386782946,1.42535924460855,2.0677491741236,1.42090917115856,2.0532145273477
28,3,0.199373620011186,0.199373620011186,1.74559352869816,1.72704181618987,0.163741439743016,0.161856675477378,1.42466030680184,2.06652675059447,1.40980273225421,2.04428090012553
28,4,0.19031178128076,0.19031178128076,1.74906738040164,1.72137373941033,0.163779983993321,0.161025687979981,1.42805861177473,2.07007614902855,1.40576339096956,2.03698408785109
28,5,0.181661817106114,0.181661817106114,1.74885336564542,1.71811699006057,0.163774962739977,0.16084321397233,1.42785443867507,2.06985229261578,1.4028642906748,2.03336968944633
28,6,0.173405007153026,0.173405007153026,1.7493934321075,1.71814183232421,0.163743525263085,0.160936154958589,1.42845612259186,2.07033074162315,1.40270696860538,2.03357669604305
28,7,0.165523481955355,0.165523481955355,1.74941330003997,1.72146354103031,0.163735118108229,0.161215863369146,1.42849246854784,2.0703341315321,1.40548044882679,2.03744663323384
28,8,0.158000184241777,0.158000184241777,1.74941565292546,1.72391913762251,0.163735554313628,0.161218337170369,1.42849396647075,2.07033733938017,1.40793119676859,2.03990707847644
28,9,0.150818832020274,0.150818832020274,1.74933631787235,1.72473975335508,0.163736376815329,0.161248752817871,1.4284130193143,2.07025961643039,1.40869219783205,2.0407873088781
28,10,0.143963883340493,0.143963883340493,1.74936076519844,1.72557512689475,0.163746925616342,0.161105570316506,1.42841679099041,2.07030473940647,1.4098082090744,2.0413420447151
28,11,0.137420502657712,0.137420502657712,1.75186589832402,1.70525501026755,0.163749102785263,0.159272736203837,1.43091765686491,2.07281413978314,1.39308044730803,2.01742957322707
28,12,0.131174528725612,0.131174528725612,1.75192221398298,1.70689851278698,0.163750245434142,0.159295144668422,1.43097173293206,2.07287269503389,1.39468002923688,2.01911699633709
28,13,0.125212443948377,0.125212443948377,1.7468843531835,1.70854351999779,0.163734571560388,0.159061624560168,1.42596459292514,2.06780411344187,1.39678273585986,2.02030430413571
28,14,0.119521345125779,0.119521345125779,1.74650535331258,1.70772687318895,0.163726047765164,0.159033739026961,1.42560229969286,2.0674084069323,1.39602074469611,2.01943300168179
28,15,0.114088915527959,0.114088915527959,1.7464950708757,1.70690658279473,0.163728613647052,0.159047540750403,1.42558698812748,2.06740315362393,1.39517340292394,2.01863976266552
28,16,0.108903398239436,0.108903398239436,1.74483037513152,1.70443018985853,0.163472296676896,0.157617746837092,1.4244246736448,2.06523607661823,1.39549940605783,2.01336097365923
28,17,0.103953570714682,0.103953570714682,1.74500416545534,1.7070122476742,0.163476138063683,0.157593687791719,1.42459093485052,2.06541739606016,1.39812861960243,2.01589587574596
28,18,0.0992287204901869,0.0992287204901869,1.74492463161971,1.70701224539167,0.163471397989991,0.157588577399944,1.42452069155933,2.06532857168009,1.39813863368778,2.01588585709556
28,19,0.0947186220004364,0.0947186220004364,1.74584053569554,1.71041843423395,0.163488899463035,0.157413802348103,1.42540229274799,2.06627877864309,1.40188738163167,2.01894948683623
29,1,0.61186086867658,0.61186086867658,1.54735184863091,1.565085349159,0.113368851834749,0.117608020354694,1.3251488990348,1.76955479822702,1.3345736292638,1.7955970690542
29,2,0.584050847886998,0.584050847886998,1.54726077408785,1.56443217156222,0.113360706746863,0.117799213451742,1.325073788864,1.7694477593117,1.3335457131968,1.79531862992763
29,3,0.55750483546257,0.55750483546257,1.54692948881247,1.56442455953045,0.113344429399634,0.117529949374168,1.32477440718919,1.76908457043575,1.33406585875708,1.79478326030382
29,4,0.532165380272306,0.532165380272306,1.54684213677068,1.56245722945777,0.113347004620253,0.1174030484762,1.32468200771498,1.76900226582637,1.33234725444442,1.79256720447113
30,1,0.357505791227839,0.357505791227839,1.82394890028881,1.78438286073252,0.166797970118387,0.157191441235815,1.49702487885677,2.15087292172085,1.47628763591032,2.09247808555472
30,2,0.341256601264201,0.341256601264201,1.82444575529928,1.7829503425065,0.166792037804717,0.156870003933359,1.49753336120204,2.15135814939653,1.47548513479711,2.09041555021588
30,3,0.325745962062406,0.325745962062406,1.82759844455383,1.78294427205792,0.166833104966027,0.156221590837902,1.50060555882042,2.15459133028725,1.47674995401563,2.08913859010021
30,4,0.310940305350494,0.310940305350494,1.82766263191008,1.78294227838323,0.166834329869796,0.156025750313867,1.50066734536528,2.15465791845488,1.47713180776805,2.08875274899841
30,5,0.296807588586274,0.296807588586274,1.82471344575541,1.84184304901328,0.166502361178842,0.162677530073075,1.49836881784488,2.15105807366594,1.52299509007005,2.16069100795651
30,6,0.283317225610548,0.283317225610548,1.82388403269824,1.83083255988016,0.166463861409371,0.162948672690464,1.49761486433587,2.1501532010606,1.51145316140685,2.15021195835347
30,7,0.270440020452261,0.270440020452261,1.82339012956407,1.81696062809228,0.166017869312209,0.162521090756029,1.49799510571214,2.148785153416,1.49841929021046,2.1355019659741
30,8,0.258148104142301,0.258148104142301,1.82239199956127,1.81788606560773,0.166038073588938,0.162577061993003,1.49695737532695,2.14782662379559,1.49923502410145,2.13653710711402
30,9,0.246414874399212,0.246414874399212,1.82357083543104,1.81788960675101,0.166032580258357,0.162575138614824,1.49814697812466,2.14899469273742,1.49924233506596,2.13653687843607
30,10,0.235214938056287,0.235214938056287,1.82373693190415,1.81789148971669,0.166082548802964,0.162571831918812,1.49821513625034,2.14925872755796,1.49925069915582,2.13653228027756
30,11,0.224524056105438,0.224524056105438,1.82338189240854,1.80497534901621,0.166099442951003,0.161149860743328,1.49782698422458,2.14893680059251,1.48912162195929,2.12082907607313
30,12,0.214319091238901,0.214319091238901,1.82341248575787,1.80497394558299,0.166101558632987,0.161145556573494,1.49785343083721,2.14897154067852,1.48912865469894,2.12081923646703
