"n","B","j","delta_lambda","kappa_IM","psi_delta","se_delta","lower_delta","upper_delta"
500,1,1,0.982785399186309,33770.2693612056,1.54199270144183,0.171021564878116,1.20679043428072,1.87719496860294
500,2,1,0.913915108467845,17.149284976719,1.53759268077106,0.162997787963729,1.21811701636215,1.85706834517997
500,3,1,0.769053082888104,51560.0147496379,2.61047535977647,0.288655828545349,2.04470993582759,3.17624078372536
500,4,1,1.20417290243985,58.1585931332407,1.29169314125244,0.192599263220189,0.914198585340872,1.66918769716401
500,5,1,0.473331348681572,218581.239814103,2.52610552408938,0.258939369930838,2.01858435902494,3.03362668915382
500,6,1,0.687237757040111,14.6109193078774,1.49120498122607,0.168628732374568,1.16069266577192,1.82171729668022
500,7,1,1.13385510956954,1,-1.72477752596134,0.395873400118874,-2.50068939019434,-0.948865661728352
500,8,1,0.936741985741757,197.203112627511,1.09709616436098,0.172383204490631,0.759225083559341,1.43496724516261
500,9,1,0.724242257546451,4984.45476937199,1.77543592180279,0.152668505745526,1.47620565054156,2.07466619306402
500,10,1,0.888762412446573,15.3838753176227,1.30888368440786,0.179657686719172,0.956754618438283,1.66101275037744
500,11,1,0.601853433100279,157469.614076436,3.72428384407391,0.457016312151339,2.82853187225728,4.62003581589053
500,12,1,0.815630300741262,14.9488004004053,1.51105460179107,0.161152138206355,1.19519641090661,1.82691279267553
500,13,1,1.04721778648807,8.23160943157604,1.48517933522588,0.152508156687147,1.18626334811907,1.78409532233269
500,14,1,0.81042252485077,10277.9808536092,1.80735170176497,0.205153135363905,1.40525155645171,2.20945184707822
500,15,1,0.364243886617604,453343.759379201,3.46199646123637,0.437639446318242,2.60422314645262,4.31976977602012
500,16,1,0.874536149925806,10523.2379996099,1.55188550877206,0.164815621727159,1.22884689018683,1.87492412735729
500,17,1,1.1166079363453,9.8540756354272,1.65368876588148,0.192050752511969,1.27726929095802,2.03010824080494
500,18,1,0.64737229169454,61.9392414454329,1.51346182903349,0.175342349830892,1.16979082336495,1.85713283470204
500,19,1,0.325610858369184,711783.75192732,4.47164739006429,0.736183314580016,3.02872809348746,5.91456668664112
500,20,1,1.08226665725599,16.2022302955911,1.40412773931263,0.174758544911271,1.06160099128654,1.74665448733872
500,21,1,0.780651659209034,15.6850919890035,1.22590345954704,0.15933156498875,0.913613592169089,1.53819332692499
500,22,1,0.271041281063337,12314588.6957646,3.0541593468842,0.459788444164478,2.15297399632182,3.95534469744657
500,23,1,0.355380972953794,165898760.336425,1.89690798386785,0.245287333813222,1.41614480959393,2.37767115814176
500,24,1,0.826460798362535,621.839922312662,1.46961088573601,0.184811644324534,1.10738006285992,1.8318417086121
500,25,1,0.461616080245371,6830.93269075556,3.35766501817466,0.44596352463419,2.48357650989165,4.23175352645768
500,26,1,0.400702088085649,163327.454607319,2.92712548256749,0.330395527019053,2.27955024961015,3.57470071552484
500,27,1,0.900443158883712,16.4189339996218,1.60277593774077,0.17807408376877,1.25375073355398,1.95180114192756
500,28,1,0.765988668449605,16.3864697265848,1.83720927827967,0.172551659988243,1.49900802470272,2.17541053185663
500,29,1,0.942199809958725,44.7066227163485,1.2998837769792,0.200252509318403,0.907388858715132,1.69237869524327
500,30,1,0.798176892304359,35039.1295517924,1.79145374350545,0.17253781594813,1.45327962424711,2.12962786276378
500,31,1,0.937418992118625,3045.28555411978,1.75023091885232,0.171414883674087,1.41425774685111,2.08620409085353
500,32,1,0.16433131554196,24531150.7622681,2.47675313165232,0.534045315780588,1.43002431272237,3.52348195058228
500,33,1,0.308221403056111,824601.616225163,2.30370936192837,0.227356507739335,1.85809060675928,2.74932811709747
500,34,1,0.478103333450747,802391.746427467,2.20231754668829,0.1937940353806,1.82248123734232,2.58215385603427
500,35,1,0.760135194201236,17.1424400416349,1.73218840938365,0.185980984370493,1.36766568001748,2.09671113874981
500,36,1,0.463248846557048,16.1078371657817,1.45504990881621,0.188606509037145,1.0853811511034,1.82471866652901
500,37,1,0.60637970137335,16691.3573376087,1.76435318137285,0.202717107186405,1.3670276512875,2.1616787114582
500,38,1,0.339836535229839,977551.953913814,3.1205142977179,0.455829889984125,2.22708771334902,4.01394088208679
500,39,1,0.384609217002156,269686.049704783,4.08836353783845,0.579006106331928,2.95351156942787,5.22321550624902
500,40,1,0.556213638700211,5853.71074097748,1.34285198201439,0.180801171156391,0.988481686547861,1.69722227748092
500,41,1,0.810963412762157,18.2170932970092,1.68328831129887,0.174389409628361,1.34148506842728,2.02509155417045
500,42,1,0.351226549121268,27670.053800882,2.16089310704797,0.200271401168725,1.76836116075727,2.55342505333867
500,43,1,0.744004004360374,10.1047365251122,1.2854215489943,0.175686382487054,0.941076239319672,1.62976685866892
500,44,1,0.928395222639493,13.9402948573061,1.50389279969268,0.176014316587452,1.15890473918128,1.84888086020409
500,45,1,0.159500590201094,837463.518587207,2.16022612528767,0.224980793825348,1.71926376938999,2.60118848118536
500,46,1,0.736073770263376,9.19373692854041,1.49339834242436,0.173679389200275,1.15298673959182,1.8338099452569
500,47,1,1.14026112245326,8.84897895707096,1.42565281294821,0.190612044798932,1.05205320514231,1.79925242075412
500,48,1,0.426742220092288,1345616.80022805,2.69054407277825,0.289417169161772,2.12328642122118,3.25780172433532
500,49,1,1.25457979328593,9.50100412119101,1.68210921564206,0.200667215629652,1.28880147300795,2.07541695827618
500,50,1,0.785152808867025,5125.96438647721,1.81087200709135,0.192463655596181,1.43364324212284,2.18810077205987
500,51,1,0.7859343505757,5181.27014307965,1.94744029299718,0.197358275613177,1.56061807279536,2.33426251319901
500,52,1,1.01709405271476,13.4611125265683,1.25450067284844,0.158428439939065,0.94398093056787,1.565020415129
500,53,1,0.881250715859137,16.3515023053486,1.47401890926543,0.183006046951831,1.11532705723984,1.83271076129102
500,54,1,0.681534166044119,41.8250534039962,1.45483778809285,0.17111405562488,1.11945423906808,1.79022133711761
500,55,1,0.681345449355384,362056.995782652,1.25382081701126,0.16856156664048,0.923440146395917,1.5842014876266
500,56,1,0.61261785091113,20395.6978029133,1.32599207446001,0.179852936197764,0.973480319512393,1.67850382940763
500,57,1,1.3916420676851,1,-1.95846538615316,0.346485907107319,-2.6375777640835,-1.27935300822281
500,58,1,0.627230164994947,29791.1942741401,1.3570584485099,0.185325503263762,0.993820462112926,1.72029643490687
500,59,1,0.144402842746207,2885311.84579433,2.73809486444117,0.523783897433761,1.711478425471,3.76471130341134
500,60,1,0.441362798765084,80852.0069648141,2.22804451210067,0.230639933318358,1.77599024279669,2.68009878140465
500,61,1,1.06366475024365,26854.9826660286,1.49787498622511,0.186183691467498,1.13295495094882,1.86279502150141
500,62,1,0.72630255899236,163086.149712509,2.57706892536519,0.267899438370306,2.05198602615939,3.10215182457098
500,63,1,0.660335954448609,9210.37156538885,2.28352212689935,0.201235301604327,1.88910093575487,2.67794331804383
500,64,1,0.472882872993337,9579.9017250474,2.30995558779503,0.206959947794872,1.90431409011708,2.71559708547298
500,65,1,0.518616738681679,4844.78029859027,2.89458888827666,0.292641644084567,2.32101126587091,3.46816651068241
500,66,1,1.03537951563961,15.8910459266561,1.43092653259357,0.183575522694186,1.07111850811296,1.79073455707417
500,67,1,0.648747601627442,17922.2326218365,1.48961546453855,0.186730583684022,1.12362352051787,1.85560740855923
500,68,1,0.349792335418093,73986.5874259141,2.46210257579473,0.213092682933331,2.0444409172454,2.87976423434406
500,69,1,0.419385049629892,48129.455470384,2.83975620183489,0.327817733766045,2.19723344365344,3.48227896001634
500,70,1,0.478287283319342,398898.162666166,2.97454196091183,0.319357891338917,2.34860049388755,3.6004834279361
500,71,1,0.431759224999389,1647104.60029456,1.55378336075643,0.184493444461334,1.19217620961221,1.91539051190064
500,72,1,1.14964306299968,16.5008851453183,1.79808355040225,0.168820502760085,1.46719536499249,2.12897173581202
500,73,1,0.540788380848547,1050024.00870575,3.01218171140163,0.398213892965394,2.23168248118946,3.7926809416138
500,74,1,0.802654291917084,16.2737180516838,1.75794117245515,0.154658314136993,1.45481087674665,2.06107146816366
500,75,1,0.877608747895451,8640.8880206483,1.4794873626165,0.166350594711606,1.15344019698175,1.80553452825125
500,76,1,0.336149054752922,616885.062827815,3.63445163060868,0.479906827673703,2.69383424836822,4.57506901284914
500,77,1,0.635390401488553,15.3405454681024,1.22266873487933,0.178118834785988,0.873555818698796,1.57178165105987
500,78,1,0.430866239783632,406881.775232311,2.85530362671527,0.344129784029184,2.18080925001806,3.52979800341247
500,79,1,0.59735559816978,53434.723185337,2.08695500858839,0.202985122171161,1.68910416913291,2.48480584804386
500,80,1,0.335998506717399,12590638.5637215,2.68481445474244,0.285903486782626,2.12444362064849,3.24518528883638
500,81,1,0.303915768588297,63745397.0129923,2.83990080200124,0.373258530634684,2.10831408195726,3.57148752204522
500,82,1,0.266218726400538,2090417.80876067,3.32469957966197,0.46547032451224,2.41237774361798,4.23702141570596
500,83,1,0.225323697454656,31088963.4435598,3.22220606308686,0.598253557459136,2.04962909046696,4.39478303570677
500,84,1,0.690851981263315,113834.134115223,1.56554448044899,0.183759991573655,1.20537489696463,1.92571406393335
500,85,1,0.891699289787902,40.9107905073894,1.29853978726922,0.179513787543077,0.946692763684784,1.65038681085365
500,86,1,0.742630534719832,15.3282023291827,1.5172875118417,0.177196134327626,1.16998308855955,1.86459193512384
500,87,1,0.315294506157588,84130148.329954,3.13455209428085,0.581248988506967,1.9953040768072,4.27380011175451
500,88,1,0.654906053453457,48.4212849356301,1.47212785798253,0.172457886081846,1.13411040126211,1.81014531470295
500,89,1,0.686595946547506,75.0623826650471,1.2240576374112,0.14950446855409,0.931028879045179,1.51708639577721
500,90,1,0.867024796430708,15.386453076445,1.80453091577705,0.164318312463459,1.48246702334867,2.12659480820543
500,91,1,1.05009338092607,16.1238850035487,1.59840100704745,0.175372733437083,1.25467044951077,1.94213156458413
500,92,1,0.8131059492397,5075.13157473119,1.37062754632425,0.193898262815658,0.99058695120556,1.75066814144294
500,93,1,0.249959195867391,380442.872935295,4.70909674901608,0.621450811666908,3.49105315814894,5.92714033988321
500,94,1,0.321857796189908,269994.94002082,1.86749611841258,0.198097782227547,1.47922446524659,2.25576777157857
500,95,1,0.626968223750163,776012.401352221,1.57440598890396,0.212597904658438,1.15771409577342,1.9910978820345
500,96,1,0.972007027737633,15.5013347017519,1.25631239231693,0.174631788287217,0.914034087273983,1.59859069735988
500,97,1,0.330482390899676,1270712.16173576,4.79049957407429,0.622905955122473,3.56960390203425,6.01139524611434
500,98,1,1.26421409803685,3561.67572653132,1.22212153943948,0.180617581566774,0.868111079568608,1.57613199931036
500,99,1,0.699946350772232,348067.481531144,1.56453950626167,0.168199410631281,1.23486866142436,1.89421035109898
500,100,1,0.175723263555632,5979472.45759419,4.0614604694154,0.591463047703018,2.90219289591748,5.22072804291331
500,101,1,0.818698709574695,160433.585730507,1.96757753731539,0.172286895353375,1.62989522242278,2.30525985220801
500,102,1,0.550866886076674,168909.427900445,4.83570219602424,0.638611624921137,3.58402341117881,6.08738098086967
500,103,1,0.579283477217769,3245621.41659422,5.54823176154968,0.675264485697436,4.22471336958271,6.87175015351665
500,104,1,0.706870112222615,4261.09169331613,1.33786629082364,0.176816255674858,0.991306429700915,1.68442615194636
500,105,1,0.846244076614725,2418.91712562195,1.41929701795934,0.165650175558643,1.0946226738644,1.74397136205428
500,106,1,0.693207169820496,21991.6596642037,2.01607448694029,0.199012969148214,1.62600906740979,2.40613990647079
500,107,1,0.187939423389951,1616652.81081584,2.25502439606972,0.695544645700237,0.891756890497253,3.61829190164218
500,108,1,0.905384997300989,6992.78975388498,1.94956207898751,0.270754007988016,1.418884223331,2.48023993464402
500,109,1,0.528535885548405,4037966.87327659,1.98847282653474,0.231742661569985,1.53425720985756,2.44268844321191
500,110,1,0.737152287500886,21591.043924596,2.03024675504724,0.213559840453817,1.61166946775776,2.44882404233672
500,111,1,0.87618344511119,121001.245107789,1.65854762691449,0.181540005986165,1.30272921518161,2.01436603864737
500,112,1,1.05225978710885,1325.95037709661,1.39526906330515,0.181711752299827,1.03911402879749,1.75142409781282
500,113,1,0.617026719163061,10.5414524936648,1.54750767968883,0.171509795130983,1.21134848123211,1.88366687814556
500,114,1,0.523337693227451,669440.923919422,2.86828098744334,0.313070106435558,2.25466357882965,3.48189839605704
500,115,1,1.00712697442294,62306.8082867544,1.50854884159926,0.186495652368689,1.14301736295663,1.87408032024189
500,116,1,0.718517348302801,140802.333011184,1.48979602179943,0.197931487628474,1.10185030604762,1.87774173755124
500,117,1,1.06374074943726,14.6347114527268,1.42357968208236,0.167894880215153,1.09450571686066,1.75265364730406
500,118,1,0.648785378232615,12556.3799266807,1.85800375171368,0.21058007702043,1.44526680075363,2.27074070267372
500,119,1,0.251953970853291,5.71171484046855e+21,2.10072329215286,0.474280629352183,1.17113325862258,3.03031332568314
500,120,1,0.500389381536772,61578.6245033551,3.65411359664031,0.407958003935494,2.85451590892674,4.45371128435388
500,121,1,0.1758299287516,265167621.177028,2.46598479168453,0.656054464749441,1.18011804077562,3.75185154259343
500,122,1,0.197595283101808,7666033.3433645,3.1835183906383,0.385461284265671,2.42801427347758,3.93902250779901
500,123,1,0.752470839560446,456231.087172812,2.14027959495962,0.275152758772347,1.60098018776582,2.67957900215342
500,124,1,0.652914564459587,7530.87682169559,1.72391366318305,0.171603528830999,1.38757074667429,2.06025657969181
500,125,1,0.342789623431198,38935.0861858572,2.6145625145749,0.250712080939132,2.1231668359342,3.1059581932156
500,126,1,0.667855071673199,7.75777322565178,1.38424287285287,0.1692386779009,1.0525350641671,1.71595068153863
500,127,1,0.465322166810315,30725.7264097512,1.72925906042116,0.231131422190789,1.27624147292722,2.18227664791511
500,128,1,0.799797459895788,11740.0268154958,2.00015032345053,0.202822071015531,1.60261906426009,2.39768158264097
500,129,1,0.360381879716394,451280.041270107,2.77941595118213,0.333407981975674,2.12593630650981,3.43289559585445
500,130,1,0.353014092255418,14792528.6710453,3.46118128347262,0.436324701278417,2.60598486896692,4.31637769797832
500,131,1,1.1726867872002,9699.4604039797,1.30562434050478,0.174808706827648,0.962999275122586,1.64824940588697
500,132,1,1.18566024145671,5081.23201737585,1.65986715415091,0.228286565951008,1.21242548488693,2.10730882341488
500,133,1,0.855372890066185,44.4665904478839,1.45323417773934,0.162863219243111,1.13402226802284,1.77244608745584
500,134,1,0.599030327882149,701764.820892481,1.7045389626597,0.193489709580556,1.32529913188182,2.08377879343759
500,135,1,0.368536800066382,12356292.3115041,3.51083306057234,0.476264535991071,2.57735457002984,4.44431155111483
500,136,1,1.00048617529865,13.7982531179518,1.28816429645589,0.192222323565015,0.91140854226846,1.66492005064332
500,137,1,0.743014144329818,23614.6214215762,1.61961171937813,0.181571600935251,1.26373138154504,1.97549205721122
500,138,1,1.08412500027169,56.8331688546702,1.26281551109525,0.163484514377604,0.942385862915145,1.58324515927535
500,139,1,0.311483773905705,7424497.58092999,4.21581989175471,0.531692233829665,3.17370311344856,5.25793667006085
500,140,1,0.334054291745546,1479115.35573012,3.86599535391276,0.520106819302674,2.84658598807952,4.88540471974601
500,141,1,0.200185034122921,88849464.7954826,3.02397019158831,0.33254584846587,2.3721803285952,3.67576005458141
500,142,1,1.20015274462325,12.8176772769329,1.35271790763571,0.192090699351369,0.976220136907023,1.72921567836439
500,143,1,0.79963694743563,15.0324260116292,1.28335248521791,0.151415613523647,0.986577882711561,1.58012708772426
500,144,1,0.188875255436639,2980177.15544353,3.54113015401209,0.456717429477543,2.6459639922361,4.43629631578807
500,145,1,0.213571024494239,107783241.442983,2.8342773897802,0.779217925506283,1.30701025578789,4.36154452377252
500,146,1,0.154890789527149,1616656.3116577,1.99117263316326,0.656512522519723,0.7044080890246,3.27793717730191
500,147,1,1.0107495943206,15.2826176943711,1.62492509564723,0.168769124131948,1.29413761234861,1.95571257894585
500,148,1,0.680307392551384,15.3940374254518,1.7154828649468,0.171347169345653,1.37964241302932,2.05132331686428
500,149,1,0.419602275243037,503166.03334936,2.87931184622741,0.239719434894917,2.40946175383337,3.34916193862144
500,150,1,1.13167615674491,17.6323797865084,1.31935955414603,0.176614061551353,0.973195993505378,1.66552311478668
500,151,1,0.721227407050107,14.5680146669477,1.47146339191671,0.169973770318201,1.13831480209303,1.80461198174038
500,152,1,0.501368131247103,73862.6478247359,2.10668273050562,0.225526772878148,1.66465025566445,2.54871520534679
500,153,1,0.607061761648489,684640.258435188,1.75436578364626,0.208892113678584,1.34493724083624,2.16379432645629
500,154,1,0.655172013051795,1501264.6766036,3.24471206014147,0.429407535108728,2.40307329132836,4.08635082895458
500,155,1,0.588944876543336,27136.6440739877,1.77615871795679,0.184298057363611,1.41493452552412,2.13738291038947
500,156,1,0.70265187157793,4929479.70019421,1.72800017427025,0.1679081914981,1.39890011893397,2.05710022960652
500,157,1,0.577496214295625,6105.4281811258,1.5086728646686,0.170827356879073,1.17385124518562,1.84349448415159
500,158,1,0.614201224861921,15.1884027099041,1.29946557863694,0.166612197741335,0.972905671063924,1.62602548620996
500,159,1,0.530283611065607,5735.70228010153,2.37402645182802,0.212936243501975,1.95667141456415,2.79138148909189
500,160,1,1.02139112091298,1,-0.727535541286988,0.29312753795781,-1.3020655156843,-0.153005566889681
500,161,1,1.23539643580045,61.2150208378785,1.55428109806772,0.198871014325851,1.16449390998905,1.94406828614638
500,162,1,0.677124195638183,137563.065951665,1.81334356776973,0.160168441328216,1.49941342276643,2.12727371277303
500,163,1,0.30813665333997,438060.52475992,2.88325108144696,0.375978543986817,2.1463331352328,3.62016902766112
500,164,1,0.812322403460279,48783.1429714491,2.13748275273521,0.221063226201456,1.70419882938036,2.57076667609006
500,165,1,0.63045877929981,40265.7060089755,2.48474915781684,0.29179483740543,1.9128312765022,3.05666703913148
500,166,1,0.955654275066941,15.9469771625439,1.61070833667629,0.177325062678619,1.2631512138262,1.95826545952638
500,167,1,0.69533245518439,10516.1332765286,1.50949130850815,0.194930320629669,1.127427880074,1.8915547369423
500,168,1,0.70366229400996,13.0347383550045,1.27779180074736,0.185458811684585,0.914292529845571,1.64129107164914
500,169,1,1.05675955920516,594.461082552231,1.58413657208483,0.202143948165798,1.18793443367986,1.98033871048979
500,170,1,0.289253700512662,1828248.6634032,2.25949265732986,0.226600011057453,1.81535663565725,2.70362867900247
500,171,1,0.676543239193626,19654.9546451217,1.6806854191087,0.180108643969194,1.32767247692908,2.03369836128832
500,172,1,0.857408567742387,32481.3109693861,1.69194619837388,0.164195629332542,1.3701227648821,2.01376963186567
500,173,1,1.34052905147623,8.18075554782956,1.45074603457138,0.21012555218579,1.03889995228723,1.86259211685553
500,174,1,1.35035754222025,1,-4.19809874265256,0.499332341721502,-5.17679013242671,-3.21940735287842
500,175,1,1.07431551722556,16.0459058510683,1.49902141062697,0.172565882725884,1.16079228048423,1.8372505407697
500,176,1,0.592574258648033,16084.3523479477,2.64353785223975,0.30081511098685,2.05394023470552,3.23313546977397
500,177,1,0.419677386187224,10188182.2524289,4.86439041853121,0.617518610597355,3.65405394176039,6.07472689530202
500,178,1,0.681708053824485,20707.2048277506,1.49437605678811,0.175023714976408,1.15132957543435,1.83742253814187
500,179,1,0.433417621886332,16.9284476453834,1.52668936995425,0.156085576543123,1.22076163992973,1.83261709997877
500,180,1,0.918214912912155,13.6526551830904,1.8070729429151,0.160125746972228,1.49322647884953,2.12091940698066
500,181,1,0.513775397006087,2867746.65636953,2.7515441056863,0.377685727014322,2.01128008073822,3.49180813063437
500,182,1,0.609624859544373,11829.2451195296,1.28365292611747,0.174790669789169,0.941063213330696,1.62624263890424
500,183,1,0.750540515010434,10528.0637333298,1.87639629210246,0.224473148194535,1.43642892164117,2.31636366256375
500,184,1,0.297778021427487,25576.5171022466,2.21505576349167,0.246566865356797,1.73178470739235,2.698326819591
500,185,1,1.0781714228389,66.6294963735516,1.60855983038229,0.172522609978168,1.27041551482509,1.9467041459395
500,186,1,0.937131463724485,8.93831360012785,1.44588844276383,0.174961545196146,1.10296381417939,1.78881307134828
500,187,1,0.679690721561644,54.9793458713615,1.68531163167915,0.195701963553195,1.30173578311489,2.06888748024342
500,188,1,0.638192157854651,903342.891554113,2.39798870588983,0.273591113702425,1.86175012303308,2.93422728874658
500,189,1,0.783533746000192,37965.1463689413,1.21770862624921,0.159397678426771,0.905289176532738,1.53012807596568
500,190,1,1.024478858092,9.98034579635929,1.45681310329342,0.20538680247904,1.0542549704345,1.85937123615234
500,191,1,0.907854100976917,7351.49909514841,1.64368811228231,0.190795491314488,1.26972894930592,2.01764727525871
500,192,1,0.594421681243893,334550.875227756,3.18838411366816,0.351399819051186,2.49964046832784,3.87712775900849
500,193,1,0.713461474407785,1630187.5244186,2.32043338675813,0.220731857565875,1.88779894592902,2.75306782758724
500,194,1,0.340846952764873,183766.198543605,4.04327346450063,0.450741048265341,3.15982100990056,4.9267259191007
500,195,1,0.730463083146313,54.8452885540846,1.38222891028426,0.180829518018796,1.02780305496743,1.7366547656011
500,196,1,0.83991712347047,14693.2770992624,2.67895429278725,0.327656262484568,2.0367480183175,3.32116056725701
500,197,1,0.371262074562597,9969035.2965001,2.53580503705131,0.328778428013308,1.89139931814523,3.1802107559574
500,198,1,0.394087170213403,3823.79943404108,3.23244144606236,0.374594877875897,2.4982354854256,3.96664740669911
500,199,1,0.417176190419594,12299.7128946619,2.46573771434235,0.2355789162195,2.00400303855213,2.92747239013257
500,200,1,0.957562290225731,970.124614360214,1.41932677573223,0.156727080878677,1.11214169721002,1.72651185425443
1000,1,1,0.190262287387013,52782145.560966,2.09022149078705,0.178930202011628,1.73951829484426,2.44092468672984
1000,2,1,0.398865320108689,650741.314687298,2.59452376449405,0.20585581185075,2.19104637326658,2.99800115572152
1000,3,1,0.924889994575975,10.8643690525917,1.70885535995296,0.116864253740069,1.47980142262243,1.9379092972835
1000,4,1,0.603426400521174,164809.445580578,1.6267171301748,0.115687880217089,1.39996888494931,1.85346537540029
1000,5,1,0.801116911400608,54.4515665344117,1.18464420827179,0.11808266205667,0.953202190640713,1.41608622590286
1000,6,1,0.299233522334968,52755.1681520859,2.29205878302815,0.211578610174098,1.87736470708691,2.70675285896938
1000,7,1,0.886077643126764,26881.1623524527,2.17230317098709,0.173503336090056,1.83223663225058,2.5123697097236
1000,8,1,1.03443967859928,2087.06103334253,1.44113185504874,0.12528874330465,1.19556591817163,1.68669779192585
1000,9,1,0.347656881498499,2234325.01831079,1.75204911239477,0.154575958577275,1.44908023358331,2.05501799120623
1000,10,1,0.860996550781229,33366.974750718,1.4067757587825,0.132934881755001,1.14622339054269,1.6673281270223
1000,11,1,0.21439593842418,3971461.90779668,3.76563808514245,0.37710710604765,3.02650815728906,4.50476801299585
1000,12,1,0.545490776722136,33331.6710878708,1.66189323226616,0.118056883453038,1.43050174069821,1.89328472383412
1000,13,1,0.576560758437562,10699.5022613088,1.49254867122721,0.121837718776055,1.25374674242614,1.73135060002828
1000,14,1,0.762827647815778,16.1250306765828,1.47236042037088,0.121249829262465,1.23471075501645,1.71001008572531
1000,15,1,0.683591453066989,8463.00866049662,1.89068359568989,0.161910490285107,1.57333903473107,2.2080281566487
1000,16,1,0.834921656962145,34929.3329481418,1.53380962904667,0.128519957319675,1.28191051270011,1.78570874539323
1000,17,1,0.736968397599194,16.2543649994053,1.35946220123847,0.109762218296391,1.14432825337755,1.5745961490994
1000,18,1,0.35480855855814,5187237.58417918,2.75515263197523,0.229237081893198,2.30584795146456,3.2044573124859
1000,19,1,0.683443397956243,35940.7397716022,1.65234347271778,0.111967094197679,1.43288796809033,1.87179897734523
1000,20,1,0.33282761011825,1888538.64369521,1.46427094293986,0.114722517113927,1.23941480939656,1.68912707648316
1000,21,1,0.775165650783858,15745.8496414769,1.35749584228135,0.117569961951314,1.12705871685677,1.58793296770592
1000,22,1,1.10370862766692,58.8723662765462,1.48761312924334,0.13536092127794,1.22230572353857,1.7529205349481
1000,23,1,0.503672771866475,5707528.78485149,1.71528497538071,0.130301095474801,1.4598948282501,1.97067512251132
1000,24,1,0.412430582770656,41766.4791190006,2.75072334614802,0.259646683895304,2.24181584571322,3.25963084658282
1000,25,1,0.66603773706435,16.515596399585,1.46671792938272,0.127100075456446,1.21760178148808,1.71583407727735
1000,26,1,0.883229685021633,59.5831103815297,1.38722992290663,0.119110461137878,1.15377341907639,1.62068642673687
1000,27,1,0.505912627371809,3611814.24347288,3.31785938928679,0.264758194459673,2.79893332814583,3.83678545042775
1000,28,1,0.457794357212151,6683619.78777421,2.65435279757578,0.246017395181869,2.17215870301932,3.13654689213225
1000,29,1,0.827341678870001,4959.11597523709,1.6005217652558,0.123990957226623,1.35749948909162,1.84354404141998
1000,30,1,0.740668089875541,90098.6318273227,1.48922558205454,0.126975067651648,1.24035444945731,1.73809671465177
1000,31,1,0.959933164893552,12.7470049891584,1.63090223979887,0.112378825806932,1.41063974121728,1.85116473838045
1000,32,1,0.846178708025281,11.2104871137867,1.55449283000942,0.122247790701714,1.31488716023406,1.79409849978478
1000,33,1,0.810387483008542,69.5259319262487,1.79809270639675,0.125972137123066,1.55118731763554,2.04499809515795
1000,34,1,0.800502007689952,1263.94329111367,1.48254448777954,0.120566654226501,1.24623384549559,1.71885513006348
1000,35,1,0.788779369698242,34203.9493199767,1.58635208951133,0.126466478294412,1.33847779205428,1.83422638696838
1000,36,1,0.265458679405684,3027866.01777905,3.32126300348065,0.29357794380964,2.74585023361376,3.89667577334755
1000,37,1,0.548997150382944,72.6413347052427,1.54829488665735,0.125375056613195,1.30255977569549,1.79402999761921
1000,38,1,0.255247456049581,7070526.56982448,2.90283502100342,0.258031060449574,2.39709414252226,3.40857589948459
1000,39,1,0.607094150527995,16214.5712899859,1.4505001847205,0.112628970844595,1.22974740186509,1.6712529675759
1000,40,1,0.620729191153224,64.591252838711,1.65089864122424,0.115847836445712,1.42383688179064,1.87796040065784
1000,41,1,0.316589246359761,18676.4497794131,2.85947695566224,0.253318583902918,2.36297253121252,3.35598138011196
1000,42,1,0.725561481061609,1603.17955201075,1.43880168791619,0.112500594265985,1.21830052315486,1.65930285267752
1000,43,1,0.523522887484826,25892.5239849997,1.5083231478208,0.121885758948035,1.26942706028266,1.74721923535895
1000,44,1,0.728521035860905,55215.8867547641,1.52522151430073,0.114765114304737,1.30028189026344,1.75016113833801
1000,45,1,0.461192306180929,11520.9256405106,2.7806698941969,0.235727212007647,2.31864455866191,3.24269522973189
1000,46,1,1.04901499262965,65.2283538443853,1.40879081949286,0.122038982648239,1.16959441350232,1.64798722548341
1000,47,1,0.748374258402995,19022.6935674605,1.42328723424893,0.132645704415504,1.16330165359454,1.68327281490332
1000,48,1,0.289369412718739,3792399.90398265,3.29983902884497,0.247697296288611,2.81435232811929,3.78532572957064
1000,49,1,0.688374093712471,33692.7882281414,1.80479168857982,0.143777332874654,1.52298811614549,2.08659526101414
1000,50,1,0.850806724580869,11.4375379140688,1.39676556647037,0.118610251139555,1.16428947423684,1.6292416587039
1000,51,1,0.55256204014889,15.8626495654761,1.3469668766388,0.122406474203565,1.10705018719981,1.58688356607779
1000,52,1,0.228028511345267,1633564.1066843,2.0877741662041,0.146547674306723,1.80054072456292,2.37500760784528
1000,53,1,0.741719143034888,60.0490667504873,1.49565968966677,0.120946771365216,1.25860401779095,1.7327153615426
1000,54,1,0.709998534770125,15.2089010055914,1.37330554606499,0.126152373171605,1.12604689464864,1.62056419748133
1000,55,1,0.860561265281067,16.2270207201419,1.5005874574321,0.117741144155635,1.26981481488706,1.73136009997715
1000,56,1,0.713637186997896,544237.966358607,1.89346521343743,0.141302150218041,1.61651299901007,2.17041742786479
1000,57,1,0.848081864175657,978.780244176528,1.7348304080322,0.134257749780561,1.4716852184623,1.9979755976021
1000,58,1,0.617454433249561,49.9044497491344,1.35546381004081,0.120795391614379,1.11870484247663,1.592222777605
1000,59,1,0.315430444604829,3982154.97867658,3.46113679626993,0.34996250781332,2.77521028095582,4.14706331158403
1000,60,1,0.516995558042897,410827.012748884,2.90448895565007,0.264580820387514,2.38591054769054,3.4230673636096
1000,61,1,0.838248176431882,571.608457434364,1.51764395591597,0.115099243390039,1.29204943887149,1.74323847296044
1000,62,1,0.520412520456386,59448.3251846978,1.49636585495146,0.11393191212634,1.27305930718384,1.71967240271909
1000,63,1,0.616767389732001,44663.8093334346,1.3403833131384,0.122203821858589,1.10086382229556,1.57990280398123
1000,64,1,0.691131510040288,47.992259426758,1.59262567548259,0.120881410448234,1.35569811100405,1.82955323996113
1000,65,1,0.526287916105502,33769.9935454088,2.40252602575342,0.174457161509767,2.06058998919428,2.74446206231257
1000,66,1,0.541854390414086,64440.4350321247,1.70079642730211,0.130412363624953,1.4451881945972,1.95640466000701
1000,67,1,0.984079035020607,15.9346886430701,1.53525236030902,0.130544919170418,1.279384318735,1.79112040188304
1000,68,1,0.486657414389832,48432.6234519732,2.54947386206188,0.218624790599089,2.12096927248766,2.97797845163609
1000,69,1,0.620104692838715,257882.766999428,1.56764774565456,0.120993639456383,1.33050021232005,1.80479527898907
1000,70,1,0.699613261329689,214691.94802917,1.53250212015727,0.134298675170423,1.26927671682325,1.7957275234913
1000,71,1,0.837326138252537,23790.1711083944,1.41340716885209,0.123382326761408,1.17157780839973,1.65523652930445
1000,72,1,0.570564016122162,1296992.72012177,2.87866587888214,0.198758481550732,2.48909925504271,3.26823250272158
1000,73,1,0.572819733590141,94274.9068563774,1.4585393249873,0.118017212454301,1.22722558857687,1.68985306139773
1000,74,1,0.922222212714067,8.35959499742079,1.53169985053085,0.134625621298111,1.26783363278655,1.79556606827514
1000,75,1,0.65937948295175,77066.5205579302,2.07062145522672,0.168553159187491,1.74025726321924,2.40098564723421
1000,76,1,0.581537715934174,358.829160283639,1.58093603451765,0.126693405298219,1.33261696013314,1.82925510890216
1000,77,1,0.695415889111062,53.4648565192642,1.66902417800579,0.117669444933347,1.43839206593643,1.89965629007515
1000,78,1,0.771951640715276,29661.7222088951,1.85345069862638,0.138593578372257,1.58180728501676,2.12509411223601
1000,79,1,0.711615096581329,51.5105043270976,1.33725482756515,0.121887126671275,1.09835605928946,1.57615359584085
1000,80,1,1.095949993151,8.71053583121968,1.46675234146507,0.129477454742438,1.21297653016989,1.72052815276024
1000,81,1,0.783753585192484,17.6825768071389,1.82123970286983,0.127925463254127,1.57050579489174,2.07197361084792
1000,82,1,0.587176451292216,144205.008213336,2.62060570846025,0.211495645950006,2.20607424239824,3.03513717452226
1000,83,1,0.516766659005181,47.4293573679407,1.23851055459886,0.12309064810303,0.99725288431692,1.4797682248808
1000,84,1,0.683961393406687,31984.5007555854,1.38531738085688,0.120670746717136,1.1488027172913,1.62183204442247
1000,85,1,0.498172389412693,55237.0808479018,1.77410168639282,0.109589157861765,1.55930693698377,1.98889643580188
1000,86,1,0.544039682720184,15.8190131716634,1.47241329838599,0.120514994346517,1.23620390946681,1.70862268730516
1000,87,1,0.057769305471612,115988697.967695,3.22461712424797,0.430529166431558,2.38077995804211,4.06845429045382
1000,88,1,0.540445090171222,18.04746550556,1.31370566409076,0.109885669054044,1.09832975274483,1.52908157543668
1000,89,1,0.282364762350468,7241390.13327179,1.92324253609517,0.122392742184405,1.68335276141374,2.16313231077661
1000,90,1,0.666338134955362,836954.168690391,1.7454195779554,0.127563258186159,1.49539559191052,1.99544356400027
1000,91,1,0.621093852896411,44378.9145014043,1.50533861400489,0.112705325866936,1.2844361753057,1.72624105270409
1000,92,1,0.364795303754616,212219.205553056,2.18383746331597,0.170130769076089,1.85038115592683,2.5172937707051
1000,93,1,0.60313704893841,16.1797751397231,1.4388713189074,0.116338874572404,1.21084712474549,1.66689551306931
1000,94,1,0.410846421399826,17274.9819469292,2.57038939613333,0.213483600608989,2.15196153893971,2.98881725332695
1000,95,1,1.14084562004551,15.6036566846928,1.40680438015393,0.12362573922153,1.16449793127974,1.64911082902813
1000,96,1,0.695204757154938,40755.1451479295,1.38463510899517,0.139165462017577,1.11187080344072,1.65739941454962
1000,97,1,0.831835069615345,33404.1235626949,1.42264023915983,0.12466654852969,1.17829380404164,1.66698667427802
1000,98,1,0.701876303830441,3665.55318695764,1.28142141525256,0.121473629434522,1.04333310156089,1.51950972894422
1000,99,1,0.786880525449034,16.9325319611277,1.65882930298543,0.125797125642076,1.41226693672696,1.9053916692439
1000,100,1,0.905252427360708,10.7346732060945,1.39498733263802,0.118877199182835,1.16198802223967,1.62798664303638
1000,101,1,0.602689263437378,615433.504652108,1.97788499146772,0.15956979378709,1.66512819564503,2.29064178729042
1000,102,1,0.401547596863622,16243.1689506341,2.25127270710253,0.199517733260895,1.86021794991118,2.64232746429389
1000,103,1,0.608227864306015,765609.910186906,1.83526447600152,0.132408200357085,1.57574440330163,2.09478454870141
1000,104,1,0.26137380894778,1309912.55772376,2.77409367490216,0.233633377092841,2.31617225580019,3.23201509400413
1000,105,1,0.985377628324168,43.2275863156854,1.31803447399355,0.126075225859871,1.0709270313082,1.5651419166789
1000,106,1,0.538072006168752,8.34423217904105,1.44924050901058,0.119788232590846,1.21445557313252,1.68402544488863
1000,107,1,0.968576002536715,17.1132299888206,1.57493623663704,0.126306391282868,1.32737570972262,1.82249676355146
1000,108,1,0.339470968063065,18628.520192746,1.48344631498932,0.124804494079224,1.23882950659404,1.7280631233846
1000,109,1,0.660215659624704,171256.953968989,1.56515471585102,0.128882703489599,1.3125446170114,1.81776481469063
1000,110,1,0.752357105999593,8339018.48637308,1.67590990283234,0.125930413670783,1.42908629203761,1.92273351362708
1000,111,1,0.493868327336821,16.027861439344,1.56863801544232,0.124656386085331,1.32431149871507,1.81296453216957
1000,112,1,0.497181315366104,282368.791062828,1.50114318577739,0.133309338768352,1.23985688179142,1.76242948976336
1000,113,1,0.630409641886645,28453.7801638717,1.3482524152254,0.122382633577362,1.10838245341377,1.58812237703703
1000,114,1,0.636336790325061,109677.16658785,1.69368759175323,0.119818334321777,1.45884365648255,1.92853152702391
1000,115,1,0.676665037461087,16.7923891660159,1.51619032247952,0.111335532399128,1.29797267897723,1.73440796598181
1000,116,1,0.56431604861838,15.7123497994546,1.51825712518891,0.117509135824345,1.28793921897319,1.74857503140462
1000,117,1,0.667134964996245,4201.35042540611,1.5633886840921,0.129358117730501,1.30984677334032,1.81693059484388
1000,118,1,0.736118703282854,39192.2481157476,1.87192794098642,0.148325817637221,1.58120933841747,2.16264654355537
1000,119,1,0.496212572918338,414299.074281299,2.59396963303755,0.24815928921475,2.10757742617664,3.08036183989846
1000,120,1,0.812439007290819,232653.254480376,1.35749852063638,0.124455565388702,1.11356561247453,1.60143142879824
1000,121,1,0.361244952943703,160866293.563617,1.59451844240549,0.128060816082226,1.34351924288433,1.84551764192665
1000,122,1,0.807387395978231,70.301529499253,1.56301881319691,0.113148140202776,1.34124845839947,1.78478916799436
1000,123,1,0.676862284749068,3827.05529687098,1.49607615608976,0.124731932855864,1.25160156769227,1.74055074448725
1000,124,1,0.332383063992363,4138.62319487677,2.73174239828931,0.195396147408847,2.34876594936797,3.11471884721065
1000,125,1,0.590715760565398,9954.44450133883,1.93118995379687,0.155723283127145,1.62597231886766,2.23640758872607
1000,126,1,0.624445137469268,14.8034499775046,1.65028600215261,0.124087537926751,1.40707442781618,1.89349757648905
1000,127,1,0.15432867256171,74935711.5651724,3.21475060776381,0.351759038068131,2.52530289315027,3.90419832237734
1000,128,1,0.708175224311698,46730.8002622669,1.42925559144116,0.119908914188362,1.19423411963197,1.66427706325035
1000,129,1,0.261978869394789,1180704.52056486,2.94947577235432,0.251703330325433,2.45613724491647,3.44281429979216
1000,130,1,0.798372807547726,4006.51651159732,1.65018963362803,0.12645946458344,1.40232908304449,1.89805018421157
1000,131,1,0.564953427685876,40673.9142859679,1.69797845011517,0.131135049054757,1.44095375396784,1.95500314626249
1000,132,1,0.35419595350654,15.7771575995201,1.44437787299861,0.124969083632789,1.19943846907834,1.68931727691888
1000,133,1,0.517454924558822,48476.4016234832,1.53143453960341,0.122605269057197,1.2911282122513,1.77174086695551
1000,134,1,0.438226876149897,1255941.65903722,3.28381902469689,0.291815611065989,2.71186042700756,3.85577762238623
1000,135,1,0.661840613809826,14.5850777760889,1.61343229702101,0.118520155800526,1.38113279165198,1.84573180239004
1000,136,1,0.571897608773918,39017.215135948,1.84489191835386,0.129768101136254,1.5905464401268,2.09923739658092
1000,137,1,0.800067545390162,15.6103716287663,1.29348148469366,0.126225819563104,1.04607887834998,1.54088409103734
1000,138,1,0.759539934811191,55.5394818344102,1.51245578782244,0.129059559018316,1.25949905214654,1.76541252349834
1000,139,1,0.141995013256259,360508119.321466,1.74013778805732,0.34772079468105,1.05860503048247,2.42167054563218
1000,140,1,0.457211750024975,23756.6245781046,1.73110210514928,0.135620031203098,1.46528684399121,1.99691736630735
1000,141,1,0.826504386182237,47.4832785302873,1.53272976649543,0.124643273423298,1.28842895058576,1.77703058240509
1000,142,1,1.03668434034804,15.8358817124377,1.52883490921557,0.12585188644852,1.28216521177647,1.77550460665467
1000,143,1,0.463998737683813,287941.210790351,2.17856368780665,0.169686113481778,1.84597890538236,2.51114847023093
1000,144,1,0.802186113067748,19310.0729200953,1.68881845784295,0.130061204234742,1.43389849754286,1.94373841814305
1000,145,1,0.440450909756553,22419441.8475312,1.94536306386948,0.185286213240298,1.5822020859185,2.30852404182046
1000,146,1,0.124885194982351,1473259.19528021,2.23116722708438,0.205179733979757,1.82901494848405,2.6333195056847
1000,147,1,0.870946411376543,10.7600908859689,1.39280510317264,0.122877210864416,1.15196576987838,1.63364443646689
1000,148,1,0.580975240259401,2591.80414992963,1.44979128348781,0.116650541984044,1.22115622119909,1.67842634577654
1000,149,1,0.824726889593947,51933.746631601,1.39330857596925,0.13071796368339,1.1371013671498,1.64951578478869
1000,150,1,0.73562649617252,65.5919153305381,1.48466525765631,0.118120370158342,1.25314933214596,1.71618118316666
1000,151,1,0.683654071175064,1231893.71290599,1.75166647470425,0.136308117271307,1.48450256485249,2.01883038455601
1000,152,1,0.465749873009261,2629245.95344256,2.49160737777898,0.25541954088922,1.99098507763611,2.99222967792185
1000,153,1,1.20545652317686,1,-1.58004090680975,0.219640556742967,-2.01053639802597,-1.14954541559354
1000,154,1,0.833788735089516,13.1190956838254,1.4570352595844,0.111944666691201,1.23762371286965,1.67644680629916
1000,155,1,0.661653823728641,12.3267886083004,1.4640843981379,0.117696361913299,1.23339952878784,1.69476926748797
1000,156,1,0.747074578082643,14794.4266891762,1.53665451725681,0.129726877342705,1.28238983766511,1.79091919684851
1000,157,1,0.682213093542783,4627591.28293575,1.54188999009962,0.12628737854374,1.29436672815388,1.78941325204535
1000,158,1,0.90941157541581,6123.60002789505,1.56027993120331,0.125016054867307,1.31524846366338,1.80531139874323
1000,159,1,0.638105849608621,4830192.7158845,1.75476184713101,0.145898609036035,1.46880057342038,2.04072312084164
1000,160,1,0.788941521126582,16.6491678131549,1.54159298520722,0.118700696637387,1.30893961979794,1.7742463506165
1000,161,1,0.757938218523439,35306.6326581782,1.53110718802946,0.128594156999894,1.27906264030967,1.78315173574925
1000,162,1,0.756944306972337,42.7369204533877,1.48385020551508,0.12584370991375,1.23719653408414,1.73050387694603
1000,163,1,0.637150805686355,63520.924626902,1.68213295396814,0.137137066702106,1.41334430323201,1.95092160470427
1000,164,1,0.669205823118124,23685.7596014945,1.63458863728547,0.128398097895018,1.38292836541123,1.8862489091597
1000,165,1,0.963366521560353,16.6608008709102,1.18634362812222,0.113829750729126,0.963237316693136,1.40944993955131
1000,166,1,0.416051202287309,600250.797369983,1.8818819182841,0.131830977587004,1.62349320221357,2.14027063435463
1000,167,1,0.620335814032042,10.2230795710968,1.53480110590436,0.122909643973776,1.29389820371576,1.77570400809296
1000,168,1,0.288821337985799,10357.2187706212,4.03872023978562,0.322644813921347,3.40633640449978,4.67110407507146
1000,169,1,0.451710431933032,1663832.60718059,4.1533563822283,0.398183546481456,3.37291663112464,4.93379613333195
1000,170,1,0.639967010603316,92600.8505944147,2.61346745630747,0.181642529842854,2.25744809781548,2.96948681479947
1000,171,1,0.312235251901777,24755878.143115,2.07125505618288,0.180768373092254,1.71694904492206,2.4255610674437
1000,172,1,0.760133879496396,15.9072993741017,1.50036254364196,0.122763626476655,1.25974583574771,1.7409792515362
1000,173,1,0.300301459216371,1984316.51912852,3.01445942121809,0.215673722326633,2.59173892545789,3.43717991697829
1000,174,1,0.694445825278302,49.7521636170528,1.59384122650788,0.113396379903445,1.37158432189713,1.81609813111863
1000,175,1,0.228437218847944,7756384.56309684,2.72247725407896,0.265096128164251,2.20288884287703,3.24206566528089
1000,176,1,0.840366624306181,62274.3794208657,1.65463554371627,0.121845098501818,1.4158191506527,1.89345193677983
1000,177,1,0.949674520338609,16.5558487189648,1.36391012221189,0.129272721576242,1.11053558792245,1.61728465650132
1000,178,1,0.324644110905377,2624024.12667426,3.76899681036661,0.363296670387902,3.05693533640632,4.4810582843269
1000,179,1,0.977235380099243,52.1940072377161,1.4736515122782,0.12685462772803,1.22501644193126,1.72228658262514
1000,180,1,0.895205324939581,56.8209456181352,1.41546156548661,0.119695307322785,1.18085876313395,1.65006436783927
1000,181,1,1.15939359675813,16.6161813478743,1.48472926986512,0.120119569308001,1.24929491402144,1.7201636257088
1000,182,1,0.1247671032293,13402268.3541171,1.93619972528279,0.363950865300969,1.22285602929289,2.64954342127269
1000,183,1,0.544499736467226,14376.4425775798,2.36489875739421,0.200720853751207,1.97148588404185,2.75831163074658
1000,184,1,0.341337330077682,238839.117248163,1.78332949062662,0.146645930142549,1.49590346754722,2.07075551370602
1000,185,1,0.388963928805235,811497.926375913,2.25222984879212,0.211510150461037,1.83766995388849,2.66678974369576
1000,186,1,0.47260045695289,14.9306712834174,1.35070680841295,0.119547115064927,1.1163944628857,1.58501915394021
1000,187,1,0.790276982334294,83381.1721661862,1.58396611704694,0.132580041703593,1.32410923530789,1.84382299878598
1000,188,1,0.643076062434222,117010.796747557,1.86436784872278,0.157782949331021,1.55511326803398,2.17362242941158
1000,189,1,0.215500295565283,3986554.48032486,3.01500614671715,0.269842095767483,2.48611563901288,3.54389665442141
1000,190,1,0.921668592701465,57.2606094778248,1.5660758731845,0.130783480047475,1.30974025229145,1.82241149407755
1000,191,1,0.685943597626808,14622.4202337668,1.45067915874947,0.109633125046691,1.23579823365796,1.66556008384099
1000,192,1,0.701463653559968,4347.70328446318,1.59492459616956,0.128508942090549,1.34304706967208,1.84680212266703
1000,193,1,0.879689104365695,49461.0864611795,1.5103267731759,0.12016165542699,1.274809928539,1.7458436178128
1000,194,1,0.603237158973295,60985.270700934,1.65900394508724,0.122937059966345,1.41804730755321,1.89996058262128
1000,195,1,0.637204943972525,355.993963801687,1.58613682815423,0.12149836535942,1.34800003204977,1.8242736242587
1000,196,1,1.04694267857528,6612.36416661847,1.43587752269372,0.131087254308627,1.17894650424881,1.69280854113863
1000,197,1,0.750476242455806,16.8770399168728,1.57512073053577,0.116944095025391,1.345910304286,1.80433115678553
1000,198,1,0.767645525673597,26872.8364366215,1.38854877433797,0.134007767085569,1.12589355085026,1.65120399782569
1000,199,1,0.750630908458308,68573.2333942434,1.50532429384872,0.121535255331608,1.26711519339877,1.74353339429867
1000,200,1,0.408175930801346,206745.184729576,1.4680413577588,0.114462490429415,1.24369487651715,1.69238783900046
1500,1,1,0.5378150206144,15.5710941835695,1.228536626073,0.0986489654346059,1.03518465382118,1.42188859832483
1500,2,1,0.145494178573342,9719566.30050735,3.66174154124007,0.316935931972896,3.04054711457319,4.28293596790694
1500,3,1,0.628515619134493,7252.96799792893,1.6185391344878,0.103895647285917,1.41490366580741,1.8221746031682
1500,4,1,0.807647682662786,48196.0041462201,1.45944921967068,0.0998920506467001,1.26366080040314,1.65523763893821
1500,5,1,0.458566004438871,15.8084010144301,1.49497762345479,0.0949410914587098,1.30889308419572,1.68106216271386
1500,6,1,0.515513527747589,34802.4095442242,2.08467008710606,0.13754987070325,1.81507234052769,2.35426783368443
1500,7,1,0.419868654008648,1548317.4351114,1.6321908128264,0.100262620776305,1.43567607610485,1.82870554954796
1500,8,1,0.381056686433374,85780.5964130546,1.6372931527778,0.101949556230019,1.43747202256696,1.83711428298863
1500,9,1,0.906041584400855,82413.1836463227,1.45984087315092,0.10609271962245,1.25189914269092,1.66778260361093
1500,10,1,0.722364422802396,47.9751489863826,1.55903831172132,0.0953792623286239,1.37209495755722,1.74598166588542
1500,11,1,0.534613757862134,232620.669108964,1.6173011187263,0.100794786083052,1.41974333800352,1.81485889944909
1500,12,1,0.288312093068134,53380.71270986,2.33471187534223,0.160584780263868,2.01996570602505,2.64945804465942
1500,13,1,0.765088510626541,69960.5886382662,1.44121679811712,0.096024493656523,1.25300879055034,1.62942480568391
1500,14,1,0.816177986224498,14.5201744702468,1.63368890965038,0.0986269138224155,1.44038015855845,1.82699766074232
1500,15,1,0.64989940025655,69723.121756279,1.72124086278924,0.0963753392530425,1.53234519785328,1.91013652772521
1500,16,1,0.261823075191405,499439.543423922,2.65560429242882,0.225456131149253,2.21371027537628,3.09749830948135
1500,17,1,0.310910848257096,3475246.40857833,2.18450420816866,0.162284388695174,1.86642680632612,2.5025816100112
1500,18,1,0.495118415253773,16.5085230767151,1.56146035589965,0.103406118843161,1.35878436296705,1.76413634883224
1500,19,1,0.216520852063034,106909.606424913,3.13432662080551,0.231227189732401,2.68112132893001,3.58753191268102
1500,20,1,0.332743696442397,789108.233306125,2.58845128585755,0.201249007728714,2.19400323070927,2.98289934100583
1500,21,1,0.202663711743003,136473.842018844,2.60927708804851,0.194571418758248,2.22791710728234,2.99063706881467
1500,22,1,0.753752676822014,58.1700435837921,1.54013133603218,0.0983452482184767,1.34737464952396,1.73288802254039
1500,23,1,0.639990539711484,14774.1446951274,1.21313536297152,0.0911764778003779,1.03442946648278,1.39184125946026
1500,24,1,0.533450598145456,75900.6078892461,1.80337418419459,0.109065792565587,1.58960523076604,2.01714313762314
1500,25,1,0.636702580892524,18632.7401693502,1.45482158879281,0.0971485533061296,1.26441042431279,1.64523275327282
1500,26,1,0.778596293663434,66.2120466127931,1.36662208251815,0.0992839200460046,1.17202559922798,1.56121856580832
1500,27,1,0.593004598437347,19705.9949371814,1.81259703663304,0.118396039934678,1.58054079836107,2.04465327490501
1500,28,1,0.352618764932328,1894221.5237329,2.26615625230956,0.152704637963324,1.96685516190144,2.56545734271767
1500,29,1,0.739575098795502,9107.46607288398,1.36502555408442,0.0955968262945586,1.17765577454708,1.55239533362175
1500,30,1,0.530415524512323,358770.345419936,2.95332626348662,0.203717747734826,2.55403947792636,3.35261304904688
1500,31,1,0.85487276646338,2281.72893439713,1.72165629360943,0.104981748848339,1.51589206586668,1.92742052135217
1500,32,1,0.192189655995583,4329289.89982622,2.08064940720823,0.31429032123929,1.46464037757922,2.69665843683724
1500,33,1,0.57058655561915,47.588041806384,1.45288422696538,0.10345204483558,1.25011821908765,1.65565023484312
1500,34,1,0.514495734181532,14205756.2540843,1.70082728653391,0.10104715376873,1.5027748651472,1.89887970792062
1500,35,1,0.475780691034176,199398.856360519,2.82299804104804,0.207601461318545,2.41609917686369,3.22989690523238
1500,36,1,0.975260822551817,51247.9925699703,1.40136501549048,0.101315349059682,1.2027869313335,1.59994309964746
1500,37,1,0.641560518013922,321813.467524768,1.82803098708068,0.10254334394141,1.62704603295552,2.02901594120585
1500,38,1,0.495268407677927,90638.2865632701,1.56264668266611,0.0899393221726227,1.38636561120777,1.73892775412445
1500,39,1,0.608942337417624,47.2794467474431,1.41565119340912,0.0976189143897233,1.22431812120526,1.60698426561297
1500,40,1,0.504146815333283,34.2101873501163,1.37296417858229,0.0974795580778205,1.18190424474976,1.56402411241481
1500,41,1,0.539107666752626,361608.096177503,1.70734028924748,0.0999368926983284,1.51146397955876,1.9032165989362
1500,42,1,0.218738636897063,1894752.72826109,2.61461692804406,0.184783474946719,2.25244131714849,2.97679253893963
1500,43,1,0.654667230640691,15.4867179226057,1.35795099106247,0.0956383538864164,1.17049981744509,1.54540216467984
1500,44,1,0.349895573614785,201501.699040547,2.05733539400852,0.157331306401422,1.74896603346173,2.36570475455531
1500,45,1,0.551096664645972,11826.4685984736,1.7009086529654,0.0982415387668126,1.50835523698245,1.89346206894836
1500,46,1,0.60236206061838,207666.103444138,1.83688470005905,0.123930070530977,1.59398176181834,2.07978763829977
1500,47,1,0.596821540223905,13.4623990054127,1.42186834484544,0.10071830191161,1.22446047309869,1.6192762165922
1500,48,1,0.226143661276925,2624828184.13427,2.23189510008534,0.189049909057403,1.86135727833283,2.60243292183785
1500,49,1,0.775661268536394,15.9290843848207,1.54991079786144,0.101004646947113,1.35194168984509,1.74787990587778
1500,50,1,0.710952275078964,13.2318359772378,1.40276505103506,0.0968423555911215,1.21295403407647,1.59257606799366
1500,51,1,0.846674237341869,15.4877661775876,1.42758297710716,0.106705299471746,1.21844059014254,1.63672536407178
1500,52,1,0.773372933447919,5446.71886285306,1.53397125058484,0.0975564724638799,1.34276056455564,1.72518193661405
1500,53,1,0.260138221147307,831546.55209108,3.05342115651197,0.293248483701186,2.47865412845764,3.62818818456629
1500,54,1,0.595677474091918,1677926.87273818,1.50515201494642,0.0968940820830838,1.31523961406357,1.69506441582926
1500,55,1,0.7484373625278,9291.08209195743,1.68839746332285,0.101025169751912,1.49038813060911,1.8864067960366
1500,56,1,0.786582357285059,142276.825409161,1.60723747002517,0.105173650590171,1.40109711486843,1.8133778251819
1500,57,1,0.648135753350753,25914.6989378714,1.37584797785286,0.0986648225710721,1.18246492561356,1.56923103009216
1500,58,1,0.678011361015772,91012.4837098506,1.58706661570269,0.0994593922110299,1.39212620696907,1.78200702443631
1500,59,1,0.820804121293875,236590.680842656,1.58680143444803,0.0934154047751557,1.40370724108872,1.76989562780733
1500,60,1,0.693885930664313,79291.9604792736,1.8210948734152,0.108870472344974,1.60770874761905,2.03448099921135
1500,61,1,0.458806945036497,75069.6548245282,1.35502491268322,0.092945939839824,1.17285087059716,1.53719895476927
1500,62,1,0.727896991384335,49.9744203438767,1.59357658685447,0.0992835194629238,1.39898088870714,1.7881722850018
1500,63,1,0.725804978232566,15.9865858822131,1.58330315991006,0.096907338162055,1.39336477711243,1.77324154270769
1500,64,1,0.475290373431928,146328.365808818,1.8725216371697,0.142268250940124,1.59367586532706,2.15136740901235
1500,65,1,0.614021280742638,568514.245839628,1.56504891231966,0.101366751373884,1.36637007962685,1.76372774501247
1500,66,1,0.639120673805653,50.0424938830744,1.55021068340936,0.0999883306808534,1.35423355527489,1.74618781154384
1500,67,1,0.707057701142915,15.8846021798185,1.33285728245503,0.108033159722186,1.12111228939954,1.54460227551051
1500,68,1,0.761957428099758,26970.6876081676,1.36105712165647,0.103865450909631,1.15748083787359,1.56463340543935
1500,69,1,0.913561145583321,15.685179778701,1.46427121975218,0.100540658813448,1.26721152847782,1.66133091102653
1500,70,1,0.722200863311088,258380.794038178,1.71405610730105,0.104634142204911,1.50897318857943,1.91913902602268
1500,71,1,0.50681671608421,16.1276316251107,1.36367492137898,0.0989690585649484,1.16969556659168,1.55765427616628
1500,72,1,0.881292177651476,15.379489413682,1.57536213665545,0.102608581706389,1.37424931651093,1.77647495679997
1500,73,1,0.863411714395819,61.3767354932909,1.52984555134285,0.102484131742781,1.328976653127,1.73071444955871
1500,74,1,0.382721516561016,3725041.00733913,1.64584031403142,0.105590494492505,1.43888294482611,1.85279768323673
1500,75,1,0.557397057689725,62.1441018597176,1.47430909476262,0.100987623760009,1.27637335219301,1.67224483733224
1500,76,1,0.493596797704583,20421.9108413725,1.48595978505762,0.101547854630907,1.28692598998104,1.68499358013419
1500,77,1,0.152386262646485,125410261.756787,2.90895730663371,0.259492951858139,2.40035112099176,3.41756349227566
1500,78,1,0.858660080592533,27447.9764951273,1.49933154730103,0.109597997775655,1.28451947166074,1.71414362294131
1500,79,1,0.175665511283664,1769094.05908979,2.87610230500089,0.243719043843831,2.39841297906698,3.3537916309348
1500,80,1,0.912699807634926,15.9678222074591,1.49715840260053,0.103141605930813,1.29500085497613,1.69931595022492
1500,81,1,0.431635639072301,12089405.7000085,1.80753885156111,0.120229584351599,1.57188886623198,2.04318883689025
1500,82,1,0.118297231483439,21796600.7047745,2.395911306978,0.372977312876475,1.66487577374011,3.12694684021589
1500,83,1,0.264448793078939,1797004.84074118,3.80591631430089,0.26514869695256,3.28622486827387,4.32560776032791
1500,84,1,0.816205811778456,44044.4956596789,1.57733733308087,0.106954377607771,1.36770675296964,1.7869679131921
1500,85,1,0.748784635308688,53.3515758148986,1.51812420654349,0.0975618352193883,1.32690300951349,1.70934540357349
1500,86,1,0.751854064213515,14.5292168259054,1.27989175544913,0.105757269558476,1.07260750711452,1.48717600378375
1500,87,1,0.86697438162868,47897.5790424593,1.41082746593378,0.102465847564046,1.20999440470825,1.61166052715932
1500,88,1,0.352377065919636,1592097.03631511,2.79758008407293,0.207426914591215,2.39102333147415,3.20413683667172
1500,89,1,0.183137510064426,1601201.31264716,4.19808244490357,0.292801604068614,3.62419130092909,4.77197358887805
1500,90,1,0.592601784875021,54.0543491961053,1.55871057155217,0.110610119597333,1.3419147371414,1.77550640596294
1500,91,1,0.283705040406128,4594641.69367935,2.73399206712348,0.237180174157296,2.26911892577518,3.19886520847178
1500,92,1,0.334636914291996,6311566.702547,2.97207669146858,0.22187489934947,2.53720188874362,3.40695149419354
1500,93,1,0.72625829619317,16.8996348799123,1.51323710288991,0.0970832638658427,1.32295390571286,1.70352030006696
1500,94,1,0.485323103055535,14.8406599308075,1.36234461552065,0.101727459324474,1.16295879524468,1.56173043579662
1500,95,1,0.589579410183542,133684.914331718,2.0076827596119,0.132799624126207,1.74739549632453,2.26797002289926
1500,96,1,0.435942233861995,41350.2506907345,2.80736633723965,0.195743736942649,2.42370861283206,3.19102406164724
1500,97,1,0.353010153550033,5027891.46944141,1.65028107300552,0.10930542816985,1.43604243379262,1.86451971221843
1500,98,1,0.616785416853294,69.7852800669624,1.5608340281851,0.093899990014368,1.37679004775694,1.74487800861327
1500,99,1,0.28410322393939,163078.819034165,2.72173120907797,0.20803204775122,2.31398839548558,3.12947402267036
1500,100,1,0.596829826658184,36556.2384989946,2.36037181197311,0.151791511506851,2.06286044941968,2.65788317452654
1500,101,1,0.319182391225178,290544.449486222,2.52801774726405,0.199739655081418,2.13652802330447,2.91950747122363
1500,102,1,0.217752031622132,38782545.8791858,2.23261362915462,0.179913233394798,1.87998369170081,2.58524356660842
1500,103,1,0.876067872735565,69487.861684279,1.6120446813162,0.102949306719208,1.41026404014655,1.81382532248585
1500,104,1,0.614006899947612,48.0083947509114,1.47791949721134,0.0983616735601997,1.28513061703335,1.67070837738934
1500,105,1,0.698129303746039,424.120386367451,1.55657490923862,0.0958575932217821,1.36869402652393,1.74445579195332
1500,106,1,0.66894833026633,330.983243160243,1.43502661162029,0.103490245753301,1.23218572994382,1.63786749329676
1500,107,1,0.494197003569716,19298.1000370326,1.40779473042241,0.0930566995373943,1.22540359932911,1.5901858615157
1500,108,1,0.52910701326371,1614303.59023591,1.74548099145703,0.10767804250046,1.53443202815613,1.95652995475793
1500,109,1,0.698137263364338,6815.05017227614,1.49702931018415,0.101882667604611,1.29733928167911,1.69671933868919
1500,110,1,0.642457912052258,44.7779011582547,1.55720314103758,0.0961364640077784,1.36877567158233,1.74563061049282
1500,111,1,0.889153965350275,16.8833122911778,1.4481430817019,0.099168650439825,1.25377252683984,1.64251363656396
1500,112,1,0.65958619666036,15.7195383601284,1.45142923880721,0.101537812607696,1.25241512609612,1.65044335151829
1500,113,1,0.551475061891696,106482.151126771,1.46024126769508,0.0970490325638276,1.27002516386998,1.65045737152018
1500,114,1,0.756409117710846,67839.0100118643,1.3868055525985,0.107005798930574,1.17707418669457,1.59653691850242
1500,115,1,0.906377888015499,14.9219984090089,1.48612528771426,0.0997400600958367,1.29063476992642,1.6816158055021
1500,116,1,0.474480415689348,14342.3994219899,1.50497553471422,0.099874217896174,1.30922206763772,1.70072900179072
1500,117,1,0.642315406129269,1578.38155965826,1.6074632382463,0.098162224064859,1.41506527907917,1.79986119741342
1500,118,1,0.214123382431402,314357.011950554,2.13719882087953,0.15105338819987,1.84113418000779,2.43326346175128
1500,119,1,0.40337325464399,117590.132080972,2.11200883648413,0.153684851441897,1.81078652765801,2.41323114531025
1500,120,1,0.963859922103847,16.5016770089197,1.53396243677761,0.0966926499124104,1.34444484294928,1.72348003060593
1500,121,1,0.786325216644016,12.5594629333057,1.7368339330005,0.102880743506812,1.53518767572715,1.93848019027385
1500,122,1,0.780755337792723,306.950766588707,1.40690377212296,0.0977062114841591,1.21539959761401,1.59840794663192
1500,123,1,0.838933831699953,1880.18903607026,1.52225448835501,0.10091948600038,1.32445229579426,1.72005668091575
1500,124,1,0.755010051843397,465.727912705581,1.65430225535201,0.0996010800025793,1.45908413854696,1.84952037215707
1500,125,1,0.636787168272872,50.1660870465492,1.53505746650683,0.102170436190136,1.33480341157416,1.7353115214395
1500,126,1,0.854125168430045,69.6754230851041,1.64944523276467,0.101376581686823,1.4507471326585,1.84814333287084
1500,127,1,0.448724062253846,3017353.48324674,2.03362008757628,0.154101832494015,1.73158049588801,2.33565967926455
1500,128,1,0.480070772457924,29198.3657667544,1.50803898730286,0.0983028965662961,1.31536531003292,1.7007126645728
1500,129,1,0.211233641263877,3150302.4974272,2.64468718840848,0.193141036675735,2.26613075652404,3.02324362029292
1500,130,1,0.791078071925173,12142.7884185103,1.50099482227075,0.106208063420841,1.2928270179659,1.7091626265756
1500,131,1,0.61550821673645,102095.19366132,1.81913550922476,0.116657795343186,1.59048623035211,2.0477847880974
1500,132,1,0.544844105910878,4156413.97160417,1.67891845008231,0.107168182158978,1.46886881305071,1.88896808711391
1500,133,1,0.501317882085306,4014.01978428751,1.33807610553691,0.0994683198445022,1.14311819864168,1.53303401243213
1500,134,1,0.727758434527778,55.3509081855778,1.60248518366586,0.0979257521737584,1.41055070940529,1.79441965792643
1500,135,1,1.00580452939019,12.8208738694327,1.32561028004128,0.0999833006306155,1.12964301080528,1.52157754927729
1500,136,1,0.543085881691577,45.2332256918569,1.41618607414779,0.104884518353293,1.21061241817533,1.62175973012024
1500,137,1,0.602876686839069,15.755138576707,1.38570746046331,0.103230982633676,1.18337473450131,1.58804018642532
1500,138,1,0.530416564765563,43.2575601681111,1.53818145390941,0.0980784314500363,1.34594772826733,1.73041517955148
1500,139,1,1.00581017157774,13668.5041194856,1.57749815701892,0.0984763922896316,1.38448442813124,1.7705118859066
1500,140,1,0.57355658449462,16.1899271878442,1.38221760456672,0.0940941698233338,1.19779303171298,1.56664217742045
1500,141,1,0.409165865979749,114783.667273973,1.78386073006353,0.112881741469195,1.56261251678391,2.00510894334315
1500,142,1,0.590028169125416,46.7454727332491,1.62375518458922,0.0980361281749574,1.43160437336631,1.81590599581214
1500,143,1,0.904114639596065,10.8553306295349,1.40357191791387,0.100605432813587,1.20638526959924,1.6007585662285
1500,144,1,0.778495118581291,27994.1355797064,1.44239517626731,0.0941699317820922,1.25782210997441,1.62696824256021
1500,145,1,0.589113117379313,127136.002464369,1.35888893872584,0.0965685822602119,1.16961451749583,1.54816335995586
1500,146,1,0.594356427905225,28299.9320848586,1.43170800841348,0.0984399651922074,1.23876567663675,1.6246503401902
1500,147,1,0.69386820935606,16.1908241820818,1.47031241249515,0.106618545727342,1.26134006286956,1.67928476212074
1500,148,1,0.355106657676636,166656.062354438,1.95436645321211,0.126092621015796,1.70722491602115,2.20150799040306
1500,149,1,0.393852667669996,54.2392024594055,1.32894293302374,0.0960297549422635,1.1407246133369,1.51716125271057
1500,150,1,0.510140228892372,74420.6649553435,1.57023809637114,0.101212312784213,1.37186196331408,1.7686142294282
1500,151,1,0.473201252617079,24174.5197511046,1.50929127019438,0.101988041856628,1.30939470815539,1.70918783223337
1500,152,1,0.497421866168872,5520350.00202476,1.82350869330945,0.12169446483969,1.58498754222366,2.06202984439524
1500,153,1,0.623098315532335,10799.8800167526,1.59692148178128,0.101616122655451,1.3977538813766,1.79608908218596
1500,154,1,0.947694806375233,16.1645132871723,1.64986877574601,0.0943525398028765,1.46493779773238,1.83479975375965
1500,155,1,0.374667810682365,51634.3527457252,1.92843547799834,0.124816957670449,1.68379424096426,2.17307671503242
1500,156,1,0.785601979489235,10118.1995003257,1.57239985442187,0.10265814208703,1.3711898959313,1.77360981291245
1500,157,1,0.517849722078389,4245.69039912312,1.55903935345065,0.0968305420506328,1.36925149103141,1.74882721586989
1500,158,1,0.588641064315458,72777.909067815,1.79820524289413,0.0954227418452579,1.61117666887743,1.98523381691084
1500,159,1,0.283996481041142,478423.982210231,3.07518459225455,0.218536510850973,2.64685303098664,3.50351615352246
1500,160,1,0.0815708256800937,119824827.343886,2.63761246959395,0.357899356270149,1.93612973130446,3.33909520788344
1500,161,1,0.747792812635537,48736.6045712178,1.527299305277,0.0993391027977506,1.33259466379341,1.72200394676059
1500,162,1,0.733631431220371,20545.1102796856,1.65190198170333,0.104636745867081,1.44681395980385,1.85699000360281
1500,163,1,0.761899164044852,15.6976718403921,1.53471236917481,0.0968608606248208,1.34486508235017,1.72455965599946
1500,164,1,0.585328819410098,658461.374657791,1.4256340623881,0.0988621566741527,1.23186423530676,1.61940388946944
1500,165,1,0.864401170473901,61.0022481788418,1.58521031233349,0.0932858092756664,1.40237012615318,1.7680504985138
1500,166,1,0.48226591627273,138906.049997787,1.63239087129983,0.108121323536911,1.42047307716749,1.84430866543218
1500,167,1,0.601155772421801,62393.4124089782,1.62547586576553,0.0990829807693337,1.43127322345764,1.81967850807343
1500,168,1,0.506110471732675,250743.596265787,1.43438093802364,0.103462979148085,1.2315934988934,1.63716837715389
1500,169,1,0.983538596037412,15.1594238253492,1.53429414830243,0.106115903041537,1.32630697834102,1.74228131826384
1500,170,1,0.604383825246686,16.0441463575583,1.48465213636339,0.0955364907897117,1.29740061441555,1.67190365831122
1500,171,1,0.731607879005517,24072.5402108452,1.50441653558386,0.0938193319040629,1.3205306450519,1.68830242611582
1500,172,1,1.05310199474555,16.7843268542781,1.49562302613879,0.104861086763178,1.29009529608296,1.70115075619461
1500,173,1,0.256918680398516,3707862.82817956,1.96679019610599,0.125847333180156,1.72012942307289,2.2134509691391
1500,174,1,0.226795720998915,533502.274731236,2.09362554690389,0.134690097390795,1.82963295601794,2.35761813778985
1500,175,1,0.967807251360073,12.5350102576776,1.38495843853508,0.0929302698685974,1.20281510959262,1.56710176747753
1500,176,1,0.29424776158205,9100.11629194877,2.5519563112099,0.145605466819498,2.26656959624368,2.83734302617612
1500,177,1,0.401381741612185,42505.9038078203,2.68196225024992,0.223950731261965,2.24301881697647,3.12090568352337
1500,178,1,0.73040501443608,34498.0550618124,1.59074263740476,0.10305493952164,1.38875495594235,1.79273031886717
1500,179,1,0.262324009425972,3124457.38949649,2.28435866510782,0.193163830027902,1.90575755825313,2.66295977196251
1500,180,1,0.623405786654869,65716.4604024743,1.54895630405925,0.100271654262796,1.35242386170417,1.74548874641433
1500,181,1,0.802592341652334,16.9033562066079,1.5342189656893,0.0984774919625994,1.34120308144261,1.727234849936
1500,182,1,0.535544817459922,205213.018355388,1.97597741737957,0.136061092112377,1.70929767683931,2.24265715791983
1500,183,1,0.601778549975562,46.1326715334757,1.53211592249326,0.0945283904661599,1.34684027717959,1.71739156780694
1500,184,1,0.697593448488335,4515.23390815255,1.41057198150352,0.101461565652421,1.21170731282478,1.60943665018227
1500,185,1,0.568389651732136,85131.7068663974,1.86552125476961,0.116820097815019,1.63655386305218,2.09448864648705
1500,186,1,0.607909130374583,23899.7200013524,1.54950356262973,0.0903412786657099,1.37243465644494,1.72657246881452
1500,187,1,0.683137342008645,13.8684981136765,1.35920746244112,0.0966743402409993,1.16972575556877,1.54868916931348
1500,188,1,0.558729073540944,60.6709587839856,1.4408706047623,0.102545315587251,1.23988178621128,1.64185942331331
1500,189,1,0.924719935801184,13.661881801625,1.53840068639442,0.104035811101073,1.33449049663632,1.74231087615252
1500,190,1,0.524273312566623,16.802349453625,1.5643447010978,0.0989755828347662,1.37035255874166,1.75833684345394
1500,191,1,0.802301958888334,67278.9173458259,1.5122019306209,0.0963171181093802,1.32342037912652,1.70098348211529
1500,192,1,0.757782076590037,22433.0928618103,1.33466348037165,0.0966984080299354,1.14513460063297,1.52419236011032
1500,193,1,0.83743635169989,34122.0916478488,1.56536356249175,0.102535321780215,1.36439433180253,1.76633279318097
1500,194,1,0.630414645511378,9775.23629528871,1.54882767027594,0.0987326419930875,1.35531169196949,1.74234364858239
1500,195,1,0.42789923664127,60915.7209147703,1.83328468718042,0.11116472789906,1.61540182049826,2.05116755386257
1500,196,1,0.373725324538221,256085.465404308,2.39597412523456,0.163154434351224,2.07619143390616,2.71575681656295
1500,197,1,0.406301818617362,14195986.4184085,1.97451789728476,0.136015798467367,1.70792693228872,2.2411088622808
1500,198,1,0.776852150557344,16.2936948850151,1.4869525272968,0.100874830672219,1.28923785917925,1.68466719541435
1500,199,1,0.519439674535288,6521.06854490454,1.43524414047849,0.0936569472154437,1.25167652393622,1.61881175702076
1500,200,1,0.573938875153592,51.4462680110399,1.61809391133405,0.0984893103686546,1.42505486301149,1.81113295965661
2000,1,1,0.590074795351762,54.7289924697259,1.45649510016204,0.0823950358356195,1.29500082992423,1.61798937039986
2000,2,1,0.239704668765358,1103906.34384596,3.35061154611535,0.217625453005232,2.92406565822509,3.7771574340056
2000,3,1,0.738331921032143,6501.21112147672,1.55415131620577,0.084866239013793,1.38781348773874,1.7204891446728
2000,4,1,0.503137015851616,75855.0180088166,2.34261739566794,0.133813943867469,2.0803420656877,2.60489272564818
2000,5,1,0.604162861440579,23061.9701936541,1.54372425627259,0.0852221041332703,1.37668893217138,1.71075958037379
2000,6,1,0.777606421424492,40001.0884838364,1.79308710913945,0.0911229592628126,1.61448610898434,1.97168810929457
2000,7,1,0.686858832907322,58.950201855724,1.57351229383712,0.0807857081666532,1.41517230583048,1.73185228184376
2000,8,1,0.486585375822363,15.9821514299952,1.47458073185061,0.0877580614732823,1.30257493136298,1.64658653233824
2000,9,1,0.676801202450619,16.9927603742739,1.5029467484919,0.0889046125868915,1.32869370782159,1.67719978916221
2000,10,1,0.0875556565798761,16576872.8572796,3.23681838192654,0.267118917591808,2.7132653034466,3.76037146040648
2000,11,1,0.590490397528801,22877.4952367596,1.38704899337969,0.0879903230595201,1.21458796018303,1.55951002657635
2000,12,1,0.371860328132904,1357798.37785595,1.54049737198878,0.0832673267234764,1.37729341161077,1.70370133236679
2000,13,1,0.240923106710421,2583656.67260862,3.15984043062617,0.238829105740174,2.69173538337543,3.62794547787691
2000,14,1,0.433675235240659,13657604.1722315,1.92304941806714,0.0951779662636195,1.73650060419045,2.10959823194383
2000,15,1,0.772457400162206,26827.4071861649,1.54121921602458,0.085528240751414,1.3735838641518,1.70885456789735
2000,16,1,0.643588997035815,17.3398586189689,1.58435849287383,0.0885861359315961,1.4107296664479,1.75798731929975
2000,17,1,0.81252001597198,25796.4996334563,1.69952444525984,0.0915864275792242,1.52001504720456,1.87903384331512
2000,18,1,0.452507919686935,16.7962667946267,1.69299414407773,0.0821349848430763,1.5320095737853,1.85397871437016
2000,19,1,0.445334316490796,189453.896018767,1.76649000123782,0.104818623034384,1.56104550009042,1.97193450238521
2000,20,1,0.49497317847364,48.2149712612447,1.50625021718899,0.0827063223577918,1.34414582536771,1.66835460901026
2000,21,1,0.230432933824174,248878.66391209,2.61318969598916,0.206129021538153,2.20917681377438,3.01720257820394
2000,22,1,0.694532775668803,27476.7432827314,1.56957884266648,0.0847235158905122,1.40352075152108,1.73563693381189
2000,23,1,0.778023407946105,37680.4451346645,1.36193054473746,0.0859063727085802,1.19355405422864,1.53030703524627
2000,24,1,0.564263122126366,908627.526749533,1.56776211751538,0.0843975595072143,1.40234290088124,1.73318133414952
2000,25,1,0.650627377201449,58.7976299383017,1.37135643118984,0.0899655863278185,1.19502388198732,1.54768898039236
2000,26,1,0.168148934927746,137343466.374643,2.66404067104323,0.264213574025867,2.14618206595253,3.18189927613393
2000,27,1,0.462647434684096,8664.61637775285,1.37404722080484,0.0845267148114218,1.20837485977445,1.53971958183522
2000,28,1,0.54489245369864,373771.628186372,1.39146710914015,0.0856696242047273,1.22355464569888,1.55937957258141
2000,29,1,0.751676844583882,17.9749415269137,1.5935642176279,0.089538897647976,1.41806797823787,1.76906045701794
2000,30,1,0.200662297584066,2535887.94345875,3.0119343802717,0.204598651704938,2.61092102293002,3.41294773761338
2000,31,1,0.391224095404698,61357.1012990865,1.70007013601375,0.091734975028856,1.52026958495719,1.87987068707031
2000,32,1,0.416118177052261,15.8782468104706,1.55335888290115,0.0839319326497413,1.38885229490766,1.71786547089464
2000,33,1,0.618636495032861,49828.8164121091,1.71421947738721,0.0873489911079319,1.54301545481567,1.88542349995876
2000,34,1,0.538723989290454,611139.435975412,1.66191153607715,0.0869223497195186,1.49154373062689,1.83227934152741
2000,35,1,0.817644884490203,15.8739511205266,1.47296630446565,0.0879299177402,1.30062366569485,1.64530894323644
2000,36,1,0.478545155741049,11221.9219524639,1.63465057992645,0.0934067222978985,1.45157340422257,1.81772775563033
2000,37,1,0.444268491684126,12076.2055686375,1.40636689367512,0.0863574895931511,1.23710621407254,1.57562757327769
2000,38,1,0.76260666217359,107962.689450032,1.42773213389255,0.0842660225853896,1.26257072962519,1.59289353815992
2000,39,1,0.496706132759494,4964.91490160735,1.51825562225693,0.085718202745312,1.35024794487611,1.68626329963774
2000,40,1,0.384164516652962,74575.1573877601,1.93328597905263,0.118419957289288,1.70118286276563,2.16538909533963
2000,41,1,0.648518007327508,387.583186072475,1.49281286109312,0.0822007094712717,1.33169947052943,1.65392625165682
2000,42,1,0.720608025019671,10.4877876281153,1.55611864257077,0.0898172927036534,1.38007674887161,1.73216053626993
2000,43,1,0.471121787364483,88904.1389997501,1.87288039448955,0.0998006188051714,1.67727118163141,2.06848960734768
2000,44,1,0.728158713215822,35216.8698129785,1.53754919634952,0.0796203481572479,1.38149331396131,1.69360507873772
2000,45,1,0.820422025719993,48170.7248468149,1.29002264388372,0.0854870070434295,1.12246811007859,1.45757717768884
2000,46,1,0.644957698485007,49.8688985466452,1.51521362560878,0.0818085049105145,1.35486895598418,1.67555829523339
2000,47,1,0.587831541364805,27126.2816603058,1.38235732477953,0.0828046480004671,1.22006021469862,1.54465443486045
2000,48,1,0.462044138980109,139488.474463236,1.88417338206512,0.121169695254137,1.64668077936701,2.12166598476322
2000,49,1,0.647346584235562,17.2291724619072,1.7450675242167,0.0888932247562957,1.57083680369436,1.91929824473904
2000,50,1,0.790417219146019,81.7192871887585,1.58864523242755,0.0893707437051528,1.41347857476545,1.76381189008965
2000,51,1,0.720826867768957,26574.2677968298,1.46572907854917,0.0892774870242654,1.29074520398161,1.64071295311673
2000,52,1,0.329320389942769,1186750.62857824,2.17312441496339,0.133402861526128,1.91165480637218,2.4345940235546
2000,53,1,0.603761240434923,72434.6152768838,1.42411798065775,0.0896653962753604,1.24837380395804,1.59986215735745
2000,54,1,0.211196722117758,681342.568582084,3.84695092057995,0.280236761663814,3.29768686771888,4.39621497344103
2000,55,1,0.583565964140795,28212.7021657421,1.5441236703775,0.0846403300639895,1.37822862345208,1.71001871730292
2000,56,1,0.683961609292514,15.3098853224063,1.57032573732399,0.087802878266484,1.39823209592168,1.7424193787263
2000,57,1,0.653917465622776,52.1210911453473,1.32983588847081,0.0889847655131737,1.15542574806499,1.50424602887663
2000,58,1,0.732886318281707,70.124746042639,1.52160918764588,0.0830038785701431,1.3589215856484,1.68429678964336
2000,59,1,0.202241362071643,1324396.53808301,3.21438223736705,0.202440811841784,2.81759824615715,3.61116622857695
2000,60,1,0.453749167141657,56.5736720731088,1.50511319895633,0.0888430799151697,1.33098076232259,1.67924563559006
2000,61,1,0.44165909514358,70840.0335900085,1.68982141306698,0.0982232495872323,1.49730384387601,1.88233898225796
2000,62,1,0.59058539648163,48676.4665659465,1.77761607744047,0.0905931325179072,1.60005353770537,1.95517861717557
2000,63,1,0.618910943686576,56.2854375200995,1.42315223656728,0.086186431505241,1.25422683081701,1.59207764231755
2000,64,1,0.574590280509797,449821.94987608,1.95221554027038,0.107477619759646,1.74155940554147,2.16287167499929
2000,65,1,0.705159276826829,5158.59167140908,1.62966970759062,0.0836617770613287,1.46569262455042,1.79364679063083
2000,66,1,0.237401025822756,2911421.52042418,2.00106121176023,0.122599634320005,1.76076592849302,2.24135649502744
2000,67,1,0.718320299013795,16.2978728416104,1.31291286912041,0.0851778170927402,1.14596434761864,1.47986139062218
2000,68,1,0.552247094594131,53.8949250268792,1.64608838209718,0.0844874448169971,1.48049299025587,1.8116837739385
2000,69,1,0.545274321183674,40297.6359277152,1.58043258434016,0.0849213824339845,1.41398667476955,1.74687849391077
2000,70,1,0.182280386182273,6126431.4209561,3.34597771723117,0.274449601209646,2.80805649886026,3.88389893560207
2000,71,1,0.641380562211417,39319.0345551507,1.43760121735829,0.0906815683040444,1.25986534348236,1.61533709123421
2000,72,1,0.541852516262675,25694.44840471,1.62995832326044,0.0856121853539372,1.46215843996672,1.79775820655415
2000,73,1,0.323681423354301,4983478.51150004,2.55106003415346,0.140543695062897,2.27559439183018,2.82652567647674
2000,74,1,0.486323241488318,35640.9433079843,1.41023570445444,0.0819029264845237,1.24970596854477,1.5707654403641
2000,75,1,0.714743342820337,188977.51379675,1.64189643869639,0.0941498680054683,1.45736269740567,1.8264301799871
2000,76,1,0.561364515287893,18280.8441873773,1.45336991693749,0.0870289714231352,1.28279313294814,1.62394670092683
2000,77,1,0.616755426899747,54.1718240141256,1.46843707237564,0.0865627979178075,1.29877398845674,1.63810015629454
2000,78,1,0.563595888416861,5972.73921091334,1.53862147494983,0.0840698246642633,1.37384461860787,1.70339833129178
2000,79,1,0.574084740750387,4195.71099649723,1.42870493365341,0.0874425990962216,1.25731743942482,1.60009242788201
2000,80,1,0.587562418663086,185731.828222386,1.6886632543256,0.0869890309016363,1.5181647537584,1.85916175489281
2000,81,1,0.558934227121288,6472.55265088341,1.45268858375218,0.0834405941603392,1.28914501919792,1.61623214830645
2000,82,1,0.422727143025508,282563.369686919,1.96730633809632,0.101569306449199,1.76823049745589,2.16638217873675
2000,83,1,0.715974413324207,11854.937530832,1.54339595078561,0.0835609823985227,1.37961642528451,1.70717547628672
2000,84,1,0.367751381090434,19716.100445593,1.44015601643618,0.0864329328515806,1.27074746804708,1.60956456482528
2000,85,1,0.623350008046279,19083.8700777954,1.45092829076294,0.0846372057187203,1.28503936755425,1.61681721397163
2000,86,1,0.632924569084399,15.0172124953747,1.62348056535729,0.0839327197648272,1.45897243461823,1.78798869609635
2000,87,1,0.614372958403792,34821.0677757392,1.63532768931669,0.0867942366618581,1.46521098545945,1.80544439317393
2000,88,1,0.509501347039754,4712877.74236867,2.31733903036842,0.151049428938857,2.02128214964826,2.61339591108858
2000,89,1,0.73915570517654,66.4071557449245,1.60408296023503,0.0883154116740222,1.43098475335395,1.77718116711612
2000,90,1,0.545625909962073,16.0840968070525,1.51472146301599,0.0864515307925709,1.34527646266255,1.68416646336943
2000,91,1,0.886571330535204,11.0723003938054,1.35660229301787,0.0849509595186096,1.19009841236139,1.52310617367434
2000,92,1,0.375446654818079,6525.45166480344,1.40234048689998,0.0811728889336747,1.24324162458998,1.56143934920998
2000,93,1,0.470415102086055,46.4808226899379,1.51896389168055,0.0894725270493146,1.34359773866389,1.6943300446972
2000,94,1,0.665601773842245,30948.6604371939,1.55202990847343,0.0881041713654049,1.37934573259723,1.72471408434962
2000,95,1,0.721377206028507,16.0324894126153,1.46052220176125,0.0862351021682379,1.29150140151151,1.629543002011
2000,96,1,0.521978799637689,44.7387835699661,1.60060232429716,0.0842524752224749,1.43546747286111,1.76573717573321
2000,97,1,0.367152177351659,14369.3455569351,1.45108398249485,0.0808910095623707,1.2925376037526,1.60963036123709
2000,98,1,0.565083752024393,17481.2347791987,1.43161989724056,0.0882541783889015,1.25864170759831,1.60459808688281
2000,99,1,0.768595787585076,12.8041745743004,1.4997647462152,0.0884825951357151,1.3263388597492,1.6731906326812
2000,100,1,0.58972771981548,1768.47122973432,1.38792472985779,0.0847022574235511,1.22190830530763,1.55394115440795
2000,101,1,0.519301387670577,39249.1153230308,1.5357645327269,0.0826792965455064,1.37371311149771,1.69781595395609
2000,102,1,0.660163856927934,75128.5604531903,1.41359144483425,0.0868887687800145,1.24328945802543,1.58389343164308
2000,103,1,0.251908732479259,3472225.92849463,2.08518611365829,0.117466359345716,1.85495204934068,2.31542017797589
2000,104,1,0.628217250031299,74327.7299693769,1.80109588267396,0.0918964193165627,1.6209789008135,1.98121286453442
2000,105,1,0.563626658765607,49.7804217645639,1.52888857885623,0.0820430787733396,1.36808414446048,1.68969301325197
2000,106,1,0.572882318769846,16.725333914939,1.55906012802706,0.0874815873366628,1.3875962168472,1.73052403920692
2000,107,1,0.752912399101362,15.7212921580031,1.46080299316895,0.0817401191237441,1.30059235968642,1.62101362665149
2000,108,1,0.650086297372452,23615.5910261221,1.4900411759658,0.0880518762442338,1.31745949852711,1.6626228534045
2000,109,1,0.59821252364984,40405.0117887631,1.52962496141199,0.0840792738150779,1.36482958473443,1.69442033808954
2000,110,1,0.199969936773146,832973.9333157,2.46158778395385,0.212500100403946,2.04508758716212,2.87808798074559
2000,111,1,0.656320656741375,21506.7329180556,1.62539569519999,0.0877045055842236,1.45349486425492,1.79729652614507
2000,112,1,0.580866177977602,17705.4537090126,1.40022866759016,0.0859171657212554,1.2318310227765,1.56862631240382
2000,113,1,0.779493851221914,11.0079206534039,1.5045531122838,0.0863291930911418,1.33534789382516,1.67375833074244
2000,114,1,0.702834888566333,5655.89346044569,1.4983322972375,0.0835967443893487,1.33448267823437,1.66218191624062
2000,115,1,0.34422828782186,266013.670821167,1.58536275620889,0.0895320459586116,1.40987994613001,1.76084556628777
2000,116,1,0.713687031938383,31194.14608455,1.59030071958993,0.093639156835558,1.40676797219224,1.77383346698763
2000,117,1,0.202701492978562,907047.163793486,1.82864332675062,0.120699918461592,1.5920714865659,2.06521516693534
2000,118,1,0.504247535326759,260090.185637849,1.78488410345733,0.0868412046280471,1.61467534238636,1.9550928645283
2000,119,1,0.183949591901337,52100975.7219293,3.611694473514,0.225415878320953,3.16987935200493,4.05350959502306
2000,120,1,0.484560165503687,130505.830728704,1.86228979234382,0.105312283771865,1.65587771615096,2.06870186853667
2000,121,1,0.781781990457666,57.9496840222875,1.53458881249019,0.0892249789589678,1.35970785373062,1.70946977124977
2000,122,1,0.49061029074923,2400330.08783895,2.41387673431985,0.120607439344142,2.17748615320533,2.65026731543437
2000,123,1,0.546148800089131,4593.92843878826,1.4542156616873,0.0911025968237579,1.27565457191274,1.63277675146187
2000,124,1,0.708292434170102,6702.98469291336,1.46372051848127,0.0860112719056472,1.29513842554621,1.63230261141634
2000,125,1,0.30814606036847,2806825.62851291,2.68571718551683,0.16230869103471,2.3675921510888,3.00384221994487
2000,126,1,0.972149994866651,7000.15315155536,1.42989295065262,0.0867852135460555,1.25979393210235,1.59999196920289
2000,127,1,0.192186683952141,2675532.50831762,2.97792554830116,0.204786722187435,2.57654357281378,3.37930752378853
2000,128,1,0.53710345368703,38565.1937044722,1.68636907099428,0.0877832556370863,1.51431388994559,1.85842425204297
2000,129,1,0.467174433949143,50.0740065767822,1.37337514843914,0.0872418551529149,1.20238111233943,1.54436918453885
2000,130,1,0.672678739021232,9.22173677309718,1.42381434847852,0.0870798613420583,1.25313782024809,1.59449087670896
2000,131,1,0.688680511308539,573.523217991725,1.44111142436207,0.0872163100999745,1.27016745656612,1.61205539215802
2000,132,1,0.330435711391874,514647.843290513,2.24729138517878,0.140012177337761,1.97286751759677,2.52171525276079
2000,133,1,0.692701485226812,103380.504245647,1.51194403396431,0.0867626272682975,1.34188928451845,1.68199878341018
2000,134,1,0.390475968068342,68998.472959657,1.49678670817297,0.0883861909400013,1.32354977393057,1.67002364241537
2000,135,1,0.56233671915228,17.8260806553301,1.52020695431715,0.0888417894010441,1.3460770470911,1.6943368615432
2000,136,1,0.361847578962767,44.8526854105504,1.42689477930046,0.0826186335343251,1.26496225757318,1.58882730102774
2000,137,1,0.261635298958682,2464758.66734566,2.99473065960271,0.217897909155384,2.56765075765816,3.42181056154726
2000,138,1,0.463429111400383,1599492.3000083,1.787915866801,0.114533118772366,1.56343095400716,2.01240077959484
2000,139,1,0.659935718254143,29101.5441153866,1.31148724242507,0.0874961030776462,1.13999488039288,1.48297960445726
2000,140,1,0.773564029335745,29060.3817874294,1.49381241809782,0.0839791849040699,1.32921321568585,1.6584116205098
2000,141,1,0.785839896656365,21202.2646160025,1.5713545013074,0.0883250267490164,1.39823744887932,1.74447155373547
2000,142,1,0.663673701102773,16.6950367702879,1.54949445537629,0.0842742606970306,1.38431690441011,1.71467200634247
2000,143,1,0.66306839016671,15.8370496945637,1.55294770941971,0.0841300574683655,1.38805279678171,1.7178426220577
2000,144,1,0.594085759007232,49.1574669803697,1.35601735721609,0.0869176001786283,1.18565886086598,1.5263758535662
2000,145,1,0.790885805600843,15.8133771626327,1.42204994868685,0.0858454386363096,1.25379288895968,1.59030700841401
2000,146,1,0.571437619160091,52302.023819725,1.66257220778093,0.087567438726507,1.49094002787698,1.83420438768488
2000,147,1,0.461673424992042,109595.556013005,2.31160097562919,0.122288865818641,2.07191479862465,2.55128715263373
2000,148,1,0.615448986532215,6079.24094832657,1.48345273552067,0.0859633368438074,1.31496459530681,1.65194087573453
2000,149,1,0.732159251387408,37319.8855546517,1.56148121243517,0.0820514408005242,1.40066038846615,1.7223020364042
2000,150,1,0.309094229408272,3020118.86318229,2.22402712059533,0.164985916151074,1.90065472493922,2.54739951625143
2000,151,1,0.21627524563319,985106.435738931,2.0755817550567,0.147351914809102,1.78677200203086,2.36439150808254
2000,152,1,0.564977563268446,6216.00012800068,1.61863720648285,0.083495007141177,1.45498699248615,1.78228742047956
2000,153,1,0.181575472926284,231587.462394554,2.86848918891734,0.191205737799026,2.49372594283125,3.24325243500343
2000,154,1,0.663245804285212,69.7966911702332,1.44423518546664,0.0839418711849139,1.27970911794421,1.60876125298907
2000,155,1,0.509834287295583,597575.596254204,1.62034414609575,0.0872987204210656,1.44923865407046,1.79144963812104
2000,156,1,0.582483781208938,16.5615578818427,1.51359024590619,0.0849996080972038,1.34699101403567,1.68018947777671
2000,157,1,0.739911430851844,15.4601444544224,1.46035159736884,0.084087847871522,1.29553941554066,1.62516377919703
2000,158,1,0.292315217571396,32649.3706030919,2.61251707869212,0.177263195712996,2.26508121509465,2.95995294228959
2000,159,1,0.733970306964087,32074.6753744409,1.59001428520708,0.083858432097021,1.42565175829691,1.75437681211724
2000,160,1,0.752924405173751,5806.31981912834,1.46421340247506,0.0857353847029728,1.29617204845723,1.63225475649289
2000,161,1,0.445585486548779,300317.921042383,1.54296420046494,0.0848522949800848,1.37665370230398,1.70927469862591
2000,162,1,0.386489469528481,43.0689292360343,1.43622376823266,0.0817777555605871,1.27593936733391,1.59650816913141
2000,163,1,0.273790481929824,785082.315965664,2.15412339685022,0.145777043921132,1.8684003907648,2.43984640293563
2000,164,1,0.840173732874505,5665.34840602359,1.53672855666454,0.0863748160654905,1.36743391717618,1.7060231961529
2000,165,1,0.53886086102146,121927.335881773,1.55864340620889,0.0821063474572356,1.39771496519271,1.71957184722507
2000,166,1,0.609694624435781,61718.5473339506,1.38934419889562,0.086164197974744,1.22046237086512,1.55822602692612
2000,167,1,0.645459807252399,14554.2383054685,1.57266623431719,0.0881497681276807,1.39989268878694,1.74543977984745
2000,168,1,0.591779353069173,15.1244229096887,1.37988951582125,0.0853625008841078,1.2125790140884,1.5472000175541
2000,169,1,0.514695990682244,49.4157891664044,1.56488268049388,0.0864582766815949,1.39542445819795,1.7343409027898
2000,170,1,0.449550109228606,81077.1503668744,1.48360226233784,0.080548363998724,1.32572746890034,1.64147705577534
2000,171,1,0.553204663278381,4461096.34347455,1.41905602380471,0.0850899691258354,1.25227968431808,1.58583236329135
2000,172,1,0.566646807215443,919.515541277121,1.49776579499077,0.0840361535051009,1.33305493412078,1.66247665586077
2000,173,1,0.510806241314256,95416.2798917999,1.51554509380277,0.0803530700655391,1.35805307647431,1.67303711113122
2000,174,1,0.201105935570845,23816940.9024581,2.08322518316439,0.130490860837596,1.82746309592271,2.33898727040608
2000,175,1,0.449059681103193,529596.297439844,1.66296794633798,0.0879730392655221,1.49054078937756,1.83539510329841
2000,176,1,0.550203180539638,38567.9772692043,1.494667221848,0.0833116234843555,1.33137643981867,1.65795800387734
2000,177,1,0.662304369796604,5744.2341340813,1.62935262347584,0.0888191764739161,1.45526703758697,1.80343820936472
2000,178,1,0.231233581596553,196168.593039257,2.4211435210808,0.139066290436128,2.14857359182599,2.69371345033561
2000,179,1,0.565159653265732,1137.63547959216,1.59583535875729,0.0843316514672128,1.43054532188156,1.76112539563303
2000,180,1,0.822466545362369,11009.7362119208,1.46832072224264,0.0872438877799712,1.2973227021939,1.63931874229139
2000,181,1,0.461485242794677,77833.5863461361,1.41767602977323,0.0833071018765551,1.25439411009519,1.58095794945128
2000,182,1,0.418523474091778,169922.896246478,1.95352501012206,0.103131611698184,1.75138705119362,2.1556629690505
2000,183,1,0.809716709036426,13.0895981429966,1.45607940196574,0.0922060163628714,1.27535560989452,1.63680319403697
2000,184,1,0.735789920584116,29902.8065056538,1.4769891141178,0.0903701928344691,1.29986353616224,1.65411469207336
2000,185,1,0.622026602184209,25136.8376686018,1.55157111037041,0.0819361630065938,1.39097623087749,1.71216598986334
2000,186,1,0.524735132554966,60171.7449981054,1.76103687947365,0.0957974280870746,1.57327392042299,1.94879983852432
2000,187,1,0.773984346282285,5451.79993634443,1.59886321990387,0.0799375799124347,1.4421855632755,1.75554087653224
2000,188,1,0.486317068060565,57.77413025077,1.51967967403077,0.0853379283811275,1.35241733440376,1.68694201365778
2000,189,1,0.35264388134919,301647.307131877,1.77563123898461,0.0862286327744524,1.60662311874669,1.94463935922254
2000,190,1,0.462956099608597,249014.106714326,1.5473591434978,0.0918333031760834,1.36736586927267,1.72735241772292
2000,191,1,0.653045227525645,15.7693815166388,1.43870379958274,0.0872015656230389,1.26778873096158,1.6096188682039
2000,192,1,0.683421910685849,59.6932663133308,1.64427089783266,0.0825883373994689,1.4823977565297,1.80614403913562
2000,193,1,0.498197614151051,8830.48843076466,1.62353264680017,0.0893028597937165,1.44849904160449,1.79856625199586
2000,194,1,0.380723643889459,103160.792565622,2.14665039541726,0.123296481011107,1.90498929263549,2.38831149819903
2000,195,1,0.38134348974353,1358128.10907512,2.50358880503893,0.150662553888874,2.20829019941673,2.79888741066112
2000,196,1,0.135501769056508,3262438.43482432,3.29054028582558,0.21720403314255,2.86482038086619,3.71626019078498
2000,197,1,0.317529063551826,1261150.38201463,4.08370278403582,0.302650086030135,3.49050861541676,4.67689695265488
2000,198,1,0.650208644421993,54.2407650948447,1.60515468533679,0.0844555475587132,1.43962181212171,1.77068755855187
2000,199,1,0.673739196557602,64892.9686511893,2.03665402602204,0.106916411944987,1.82709785860986,2.24621019343421
2000,200,1,0.38476538646925,39016.2859250334,1.58909723403013,0.0864327794801114,1.41968898624911,1.75850548181114
